"Species","ID","Scientific_name","Common_name","Probable","Comment","F7","F8","F9","F10"
"Blank",1,"","",NA,NA,NA,NA,NA,NA
"Acac",2,NA,NA,"Unidentified acacia",NA,NA,NA,NA,NA
"Asyl",3,"Acacia sylvestris","Red Wattle",NA,NA,NA,NA,NA,NA
"Acog",4,"Acacia cognata","Narrow-leaf bower wattle",NA,NA,NA,NA,NA,NA
"Plin",5,"Persoonia linearifolia","Geebung",NA,NA,NA,NA,NA,NA
"Afal",6,"Acacia falciformis","Hickory wattle",NA,NA,NA,NA,NA,NA
"Aflo",7,"Acacia floribunda","White sallow wattle",NA,NA,NA,NA,NA,NA
"Aimp",8,"Acacia implexa","Lightwood",NA,NA,NA,NA,NA,NA
"Airr",9,"Acacia irrorata","Green wattle",NA,NA,NA,NA,NA,NA
"Alit",10,"Allocasuarina littoralis","Forest oak",NA,NA,NA,NA,NA,NA
"Alon",11,"Acacia longifolia","Sallow wattle",NA,NA,NA,NA,NA,NA
"Ptra",12,"Philotheca trachyphyllus","Rock wax-flower",NA,"Formerly known as Eriostemon trachyphyllus",NA,NA,NA,NA
"Amea",13,"Acacia mearnsii","Black wattle",NA,NA,NA,NA,NA,NA
"Amsmi",14,NA,NA,NA,NA,NA,NA,NA,NA
"Angflo",15,"Angophora floribunda","Rough-barked angophora",NA,NA,NA,NA,NA,NA
"Aobl",16,"Acronychia oblongifolia","",NA,NA,NA,NA,NA,NA
"Asmi",17,"Acmeni smithii","Lillypilly",NA,"Plot 6267, steep south facing gully, 16/4/2009, Rob and Yuri.  Check datasheet",NA,NA,NA,NA
"Asop",18,"Acacia longifolia var. sophoriae","Coast wattle",NA,NA,NA,NA,NA,NA
"Asub",19,"Acacia subporosa","Bower wattle",NA,NA,NA,NA,NA,NA
"Bmyr",20,"Backhousia myrtlefolia","Grey myrtle",NA,NA,NA,NA,NA,NA
"Bpop",21,"Brachychiton populneus","Kurrajong",NA,NA,NA,NA,NA,NA
"Bser",22,"Banksia serrata","Saw banksia",NA,NA,NA,NA,NA,NA
"Cgum",23,"Corymbia gummifera","Bloodwood",NA,NA,NA,NA,NA,NA
"Cmac",24,"Corymbia maculata","Spotted gum",NA,NA,NA,NA,NA,NA
"Eagg",25,"Eucalyptus agglomerata","Blue-leafed stingybark",NA,NA,NA,NA,NA,NA
"Eang",26,"Eucalyptus angopheroides","Apple-topped box",NA,NA,NA,NA,NA,NA
"Ebau",27,"Eucalyptus baueriana","Blue box",NA,NA,NA,NA,NA,NA
"Ebos",28,"Eucalyptus bosistoana","Coastal grey-box",NA,NA,NA,NA,NA,NA
"Ebot",29,"Eucalyptus botryoides","southern mahogany, Bangalay",NA,NA,NA,NA,NA,NA
"Econ",30,"Eucalyptus consideniana","Yerchuck",NA,NA,NA,NA,NA,NA
"Ecup",31,"Exocarpus cuppressiformis","Native cherry",NA,"Now recorded as Excup",NA,NA,NA,NA
"Ecyp",32,"Eucalyptus cypellocarpa","Monkey gum, Mountain grey gum",NA,NA,NA,NA,NA,NA
"Eela",33,"Eucalyptus elata","River peppermint",NA,NA,NA,NA,NA,NA
"Eglo",34,"Eucalyptus globoidea","White stringybark",NA,NA,NA,NA,NA,NA
"Elon",35,"Eucalyptus longifolia","Woollybut",NA,NA,NA,NA,NA,NA
"Emue",36,"Eucalyptus muelleriana","Yellow stringybark",NA,NA,NA,NA,NA,NA
"Epan",37,"Eucalyptus paniculata","Grey ironbark",NA,NA,NA,NA,NA,NA
"Erad",38,"Eucalyptus radiata","Narrow-leafed peppermint",NA,NA,NA,NA,NA,NA
"Esie",39,"Eucalyptus sieberi","Silvertop ash",NA,NA,NA,NA,NA,NA
"Esmi",40,"Eucalyptus smithii","Gully peppermint",NA,NA,NA,NA,NA,NA
"Espp",41,"Eucalyptus species unidentified","",NA,NA,NA,NA,NA,NA
"Etri",42,"Eucalyptus sideroxylon subb tricarpa","Ironbark",NA,NA,NA,NA,NA,NA
"Hspp",43,"Hakia species",NA,NA,NA,NA,NA,NA,NA
"Nven",44,"Notalea venosa","Mock olive",NA,NA,NA,NA,NA,NA
"Pund",45,"Pittosporum undulatum","Pittosporum",NA,NA,NA,NA,NA,NA
"Rfsp",46,"Rainforest species","",NA,NA,NA,NA,NA,NA
"STB",47,"Unidentified stringybark","",NA,NA,NA,NA,NA,NA
"Waus",48,"Wikstroemia australis",NA,NA,"Almost certainly incorrect; should be removed.  T20 plot 6260",NA,NA,NA,NA
"Hmac",49,"Hakea macraeana","Macrae's hakea",NA,NA,NA,NA,NA,NA
"Evim",50,"Eucalyptus viminalis","Manna gum",NA,NA,NA,NA,NA,NA
"Amyr",51,"","myrtle wattle","?Acacia myrtlefolia","7149.  Marama, 20/10/2007, plot on road, check Yuri",NA,NA,NA,NA
"Plas",52,"Prostanthera lasianthos","Mint bush",NA,NA,NA,NA,NA,NA
"Aman",53,"","check","Acacia madenii?","6259, 19/3/2009. Rob there. Check datasheet",NA,NA,NA,NA
"Dfas",54,NA,NA,NA,NA,NA,NA,NA,NA
"Eret",55,"Elaeocarpus reticulatus","Blue olive berry",NA,NA,NA,NA,NA,NA
"Eeug",56,"Eucalyptus eugenoides","Narrow-leafed stringybark",NA,NA,NA,NA,NA,NA
"Emai",57,"Eucalyptus maidenii","Maiden's gum",NA,NA,NA,NA,NA,NA
"Eobl",58,"Eucalyptus obliqua","Messmate stringybark",NA,NA,NA,NA,NA,NA
"Esit",59,NA,"",NA,"Not in database",NA,NA,NA,NA
"Etas",61,"",NA,"Efas","Not in database",NA,NA,NA,NA
"Efas",62,"Eucalyptus fastigata","Brown barrell",NA,NA,NA,NA,NA,NA
"Heri",64,"Hakea eriantha","Tree hakea",NA,NA,NA,NA,NA,NA
"Amel",65,"Acacia melanoxylon","Blackwood",NA,NA,NA,NA,NA,NA
"Ltra",66,"Lomatia traseri","Tree lomatia",NA,NA,NA,NA,NA,NA
"Emac",67,"Eucalyptus macroryncha","Red stringybark",NA,NA,NA,NA,NA,NA
"Eman",68,"Eucalyptus mannifera","Brittle gum",NA,NA,NA,NA,NA,NA
"Eros",69,"Eucalyptus rossii","Scribbly gum",NA,NA,NA,NA,NA,NA
"Ediv",70,"Eucalyptus dives","Broad-leafed peppermint",NA,NA,NA,NA,NA,NA
"Erub",71,"Eucalyptus rubida","Candlebark",NA,NA,NA,NA,NA,NA
"Cend",72,"Callitris endlicheri","Black cyprus pine",NA,NA,NA,NA,NA,NA
"Ebri",73,"Eucalyptus bridgesiana","Applebox",NA,NA,NA,NA,NA,NA
"Epau",74,"Eucalyptus pauciflora","Snowgum",NA,NA,NA,NA,NA,NA
"Edal",75,"Eucalyptus dalrympliana",NA,NA,NA,NA,NA,NA,NA
"Aglau",76,"Allocasuarina glauca",NA,NA,NA,NA,NA,NA,NA
"Barb",77,"Bedfordia arborescens","Blanket leaf",NA,NA,NA,NA,NA,NA
"Oarg",78,"Olearia argophylla","Musk Daisy bush",NA,NA,NA,NA,NA,NA
"Dsas",79,"Doryphora sassafras","Nsw Sassafrass",NA,NA,NA,NA,NA,NA
"Pasp",80,"Pomaderris aspera","Hazel Pomaderris",NA,NA,NA,NA,NA,NA
"Enor",81,"Eucalyptus nortonii","Narrow-leafed box",NA,NA,NA,NA,NA,NA
"Ageo",82,"Acacia georgensis","Bega wattle",NA,NA,NA,NA,NA,NA
"Amab",83,"Acacia mabellae","Mabel's Wattle",NA,NA,NA,NA,NA,NA
"Tlau",84,"Tristaniopsis laurina","Kanooka (Water Gum)",NA,NA,NA,NA,NA,NA
"Amai",85,"Acacia maidenii","Maiden's Wattle",NA,NA,NA,NA,NA,NA
"Sgla",86,"Synoum glandulosum","Scentless rosewood",NA,NA,NA,NA,NA,NA
"Aparr",87,"Acacia parramattensis","South Wales Wattle, Sydney Green Wattle, Parramatta Wattle",NA,NA,NA,NA,NA,NA
"Pmur",88,"Polyscias murrayi","Pencil cedar, Umbrella tree, Murray's basswood, Chinky pine",NA,NA,NA,NA,NA,NA
"Maze",89,"Melia azedarach","White Cedar, Tulip cedar, Chinaberry tree, Persian lilac",NA,NA,NA,NA,NA,NA
"Crho",90,"Callitris rhomboidea","Port Jackson pine, Oyster Bay pine",NA,NA,NA,NA,NA,NA
"Rhow",91,"Rapanea howittiana","Brush muttonwood",NA,"Myrsine howittiana (synonym)",NA,NA,NA,NA
"Pspp",92,"Pomaderris species","Unidentified pomaderris spp.",NA,NA,NA,NA,NA,NA
"Este",93,"Eucalyptus stellulata","Black Sally",NA,NA,NA,NA,NA,NA
"Bmar",94,"Banksia marginata","Silver Banksia",NA,NA,NA,NA,NA,NA
"Eter",95,"Eucalyptus tereticornis","Forest Red Gum",NA,NA,NA,NA,NA,NA
"Eglob",96,"Eucalyptus globulus",NA,NA,NA,NA,NA,NA,NA
"Ecre",97,"Eucalyptus crenulata",NA,NA,NA,NA,NA,NA,NA
"Ereg",98,"Eucalyptus regnans",NA,NA,NA,NA,NA,NA,NA
"Epse",99,"Eucalyptus pseudoglobulus","Gippsland Blue Gum, Victorian Eurabbie, Bastard Eurabbie",NA,"Many botanists consider Eucalyptus pseudoglobulus a subspecies of Eucalyptus globulus. This is supported by Royal Botanic Gardens, Melbourne, but not by Royal Botanic Gardens, Sydney where it is considered a distinct species",NA,NA,NA,NA
"Adea",100,"Acacia dealbata","Silver Wattle, Blue Wattle",NA,NA,NA,NA,NA,NA
"Estr",101,"Eucalyptus strzeleckii","Strzelecki Gum",NA,NA,NA,NA,NA,NA
"Ebax",102,"Eucalyptus baxteri","Brown Stringybark",NA,NA,NA,NA,NA,NA
"Cfra",103,"Commersonia fraseri","Blackfellow's Hemp, Brush Kurrajong",NA,NA,NA,NA,NA,NA
"Prad",104,"Pinus radiata","Monterey Pine",NA,NA,NA,NA,NA,NA
"Eova",105,"Eucalyptus ovata","Swamp Gum, Black Gum",NA,NA,NA,NA,NA,NA
"Ofer",106,"Ozothamnus ferrugineus","Tree Everlasting",NA,"Helichrysum dendroideum (synonym)",NA,NA,NA,NA
"Ecep",107,"Eucalyptus cephalocarpa","Silver stringybark, mealy stringybark",NA,NA,NA,NA,NA,NA
"Pbic",108,"Pittosporum bicolor","Banyalla",NA,NA,NA,NA,NA,NA
"Psam",109,"Polyscias sambucifolia","Elderberry panax",NA,NA,NA,NA,NA,NA
"Cacu",110,"Cassinia aculeata","Common cassinia",NA,NA,NA,NA,NA,NA
"Hang",111,"Hedycarya angustifolia","Austral or Native Mulberry, Djelwuck",NA,NA,NA,NA,NA,NA
"Ahow",112,"Acacia howittii","Sticky Wattle",NA,NA,NA,NA,NA,NA
"Cspp",113,"Cassinia species",NA,NA,NA,NA,NA,NA,NA
"Ewil",114,"Eucalyptus willisii","Shining Peppermint",NA,NA,NA,NA,NA,NA
"Enit",115,"Eucalyptus nitens","Shining Gum",NA,NA,NA,NA,NA,NA
"Sspp",116,"Salix species","Unidentified Willow",NA,NA,NA,NA,NA,NA
"Eglsp",117,"Eucalyptus globulus subspecies","Blue gum spp.",NA,NA,NA,NA,NA,NA
"Hspp",118,"Hakea species","Unidentified Hakea species",NA,NA,NA,NA,NA,NA
"Bvir",119,"Baeckia virgata",NA,NA,NA,NA,NA,NA,NA
"Bint",120,"Banksia integrifolia","Coast banksia",NA,NA,NA,NA,NA,NA
"Plas",121,"Prosanthera lasianthos","Christmas Bush (VIC variety)",NA,NA,NA,NA,NA,NA
"Fobl",122,"Ficus obliqua",NA,NA,NA,NA,NA,NA,NA
"Marm",123,"Melaleuca armillaris","Bracelet honey myrtle",NA,NA,NA,NA,NA,NA
"Epil",124,"Eucalyptus pilularis","Blackbutt",NA,NA,NA,NA,NA,NA
"Adec",125,"Acacia decurrens","Acacia bark, early black wattle, green wattle, Sydney wattle, wattle bark, tan wattle, golden teak, or Brazilian teak",NA,NA,NA,NA,NA,NA
"Emel",126,"Eucalyptus melliodora","Yellow box",NA,NA,NA,NA,NA,NA
"Epol",127,"Eucalyptus polyanthemos","Red box",NA,NA,NA,NA,NA,NA
"Eaggr",128,"Eucalytpus aggregata","Black box",NA,NA,NA,NA,NA,NA
"Pcin",129,"Pomaderris cinerea",NA,NA,NA,NA,NA,NA,NA
