"","Species","ID","Scientific_name","Common_name","Probable","Comment","F7","F8","F9","F10"
"1","Blank",1,"","",NA,NA,NA,NA,NA,NA
"2","Acac",2,NA,NA,"Unidentified acacia",NA,NA,NA,NA,NA
"3","Acog",4,"Acacia cognata","Narrow-leaf bower wattle",NA,NA,NA,NA,NA,NA
"4","Afal",6,"Acacia falciformis","Hickory wattle",NA,NA,NA,NA,NA,NA
"5","Aflo",7,"Acacia floribunda","White sallow wattle",NA,NA,NA,NA,NA,NA
"6","Aimp",8,"Acacia implexa","Lightwood",NA,NA,NA,NA,NA,NA
"7","Airr",9,"Acacia irrorata","Green wattle",NA,NA,NA,NA,NA,NA
"8","Alit",10,"Allocasuarina littoralis","Forest oak",NA,NA,NA,NA,NA,NA
"9","Alon",11,"Acacia longifolia","Sallow wattle",NA,NA,NA,NA,NA,NA
"10","Amea",13,"Acacia mearnsii","Black wattle",NA,NA,NA,NA,NA,NA
"11","Angflo",15,"Angophora floribunda","Rough-barked angophora",NA,NA,NA,NA,NA,NA
"12","Aobl",16,"Acronychia oblongifolia","",NA,NA,NA,NA,NA,NA
"13","Asmi",17,"Acmeni smithii","Lillypilly",NA,"Plot 6267, steep south facing gully, 16/4/2009, Rob and Yuri.  Check datasheet",NA,NA,NA,NA
"14","Asop",18,"Acacia longifolia var. sophoriae","Coast wattle",NA,NA,NA,NA,NA,NA
"15","Asub",19,"Acacia subporosa","Bower wattle",NA,NA,NA,NA,NA,NA
"16","Bmyr",20,"Backhousia myrtlefolia","Grey myrtle",NA,NA,NA,NA,NA,NA
"17","Bpop",21,"Brachychiton populneus","Kurrajong",NA,NA,NA,NA,NA,NA
"18","Bser",22,"Banksia serrata","Saw banksia",NA,NA,NA,NA,NA,NA
"19","Cgum",23,"Corymbia gummifera","Bloodwood",NA,NA,NA,NA,NA,NA
"20","Cmac",24,"Corymbia maculata","Spotted gum",NA,NA,NA,NA,NA,NA
"21","Eagg",25,"Eucalyptus agglomerata","Blue-leafed stingybark",NA,NA,NA,NA,NA,NA
"22","Eang",26,"Eucalyptus angopheroides","Apple-topped box",NA,NA,NA,NA,NA,NA
"23","Ebau",27,"Eucalyptus baueriana","Blue box",NA,NA,NA,NA,NA,NA
"24","Ebos",28,"Eucalyptus bosistoana","Coastal grey-box",NA,NA,NA,NA,NA,NA
"25","Ebot",29,"Eucalyptus botryoides","southern mahogany, Bangalay",NA,NA,NA,NA,NA,NA
"26","Econ",30,"Eucalyptus consideniana","Yerchuck",NA,NA,NA,NA,NA,NA
"27","Ecup",31,"Exocarpus cuppressiformis","Native cherry",NA,"Now recorded as Excup",NA,NA,NA,NA
"28","Ecyp",32,"Eucalyptus cypellocarpa","Monkey gum, Mountain grey gum",NA,NA,NA,NA,NA,NA
"29","Eela",33,"Eucalyptus elata","River peppermint",NA,NA,NA,NA,NA,NA
"30","Eglo",34,"Eucalyptus globoidea","White stringybark",NA,NA,NA,NA,NA,NA
"31","Elon",35,"Eucalyptus longifolia","Woollybut",NA,NA,NA,NA,NA,NA
"32","Emue",36,"Eucalyptus muelleriana","Yellow stringybark",NA,NA,NA,NA,NA,NA
"33","Epan",37,"Eucalyptus paniculata","Grey ironbark",NA,NA,NA,NA,NA,NA
"34","Erad",38,"Eucalyptus radiata","Narrow-leafed peppermint",NA,NA,NA,NA,NA,NA
"35","Esie",39,"Eucalyptus sieberi","Silvertop ash",NA,NA,NA,NA,NA,NA
"36","Esmi",40,"Eucalyptus smithii","Gully peppermint",NA,NA,NA,NA,NA,NA
"37","Espp",41,"Eucalyptus species unidentified","",NA,NA,NA,NA,NA,NA
"38","Etri",42,"Eucalyptus sideroxylon subb tricarpa","Ironbark",NA,NA,NA,NA,NA,NA
"39","Hspp",43,"Hakia species",NA,NA,NA,NA,NA,NA,NA
"40","Nven",44,"Notalea venosa","Mock olive",NA,NA,NA,NA,NA,NA
"41","Pund",45,"Pittosporum undulatum","Pittosporum",NA,NA,NA,NA,NA,NA
"42","Rfsp",46,"Rainforest species","",NA,NA,NA,NA,NA,NA
"43","STB",47,"Unidentified stringybark","",NA,NA,NA,NA,NA,NA
"44","Waus",48,"Wikstroemia australis",NA,NA,"Almost certainly incorrect; should be removed.  T20 plot 6260",NA,NA,NA,NA
"45","Hmac",49,"Hakea macraeana","Macrae's hakea",NA,NA,NA,NA,NA,NA
"46","Evim",50,"Eucalyptus viminalis","Manna gum",NA,NA,NA,NA,NA,NA
"47","Amyr",51,"","myrtle wattle","?Acacia myrtlefolia","7149.  Marama, 20/10/2007, plot on road, check Yuri",NA,NA,NA,NA
"48","Plas",52,"Prostanthera lasianthos","Mint bush",NA,NA,NA,NA,NA,NA
"49","Aman",53,"","check","Acacia madenii?","6259, 19/3/2009. Rob there. Check datasheet",NA,NA,NA,NA
"50","Eret",55,"Elaeocarpus reticulatus","Blue olive berry",NA,NA,NA,NA,NA,NA
"51","Eeug",56,"Eucalyptus eugenoides","Narrow-leafed stringybark",NA,NA,NA,NA,NA,NA
"52","Emai",57,"Eucalyptus maidenii","Maiden's gum",NA,NA,NA,NA,NA,NA
"53","Eobl",58,"Eucalyptus obliqua","Messmate stringybark",NA,NA,NA,NA,NA,NA
"54","Esit",59,NA,"",NA,"Not in database",NA,NA,NA,NA
"55","Emut",60,"",NA,"Emue",NA,NA,NA,NA,NA
"56","Etas",61,"",NA,"Efas","Not in database",NA,NA,NA,NA
"57","Efas",62,"Eucalyptus fastigata","Brown barrell",NA,NA,NA,NA,NA,NA
"58","Heri",64,"Hakea eriantha","Tree hakea",NA,NA,NA,NA,NA,NA
"59","Amel",65,"Acacia melanoxylon","Blackwood",NA,NA,NA,NA,NA,NA
"60","Ltra",66,"Lomatia traseri","Tree lomatia",NA,NA,NA,NA,NA,NA
"61","Emac",67,"Eucalyptus macroryncha","Red stringybark",NA,NA,NA,NA,NA,NA
"62","Eman",68,"Eucalyptus mannifera","Brittle gum",NA,NA,NA,NA,NA,NA
"63","Eros",69,"Eucalyptus rossii","Scribbly gum",NA,NA,NA,NA,NA,NA
"64","Ediv",70,"Eucalyptus dives","Broad-leafed peppermint",NA,NA,NA,NA,NA,NA
"65","Erub",71,"Eucalyptus rubida","Candlebark",NA,NA,NA,NA,NA,NA
"66","Cend",72,"Callitris endlicheri","Black cyprus pine",NA,NA,NA,NA,NA,NA
"67","Ebri",73,"Eucalyptus bridgesiana","Applebox",NA,NA,NA,NA,NA,NA
"68","Epau",74,"Eucalyptus pauciflora","Snowgum",NA,NA,NA,NA,NA,NA
"69","Edal",75,"Eucalyptus dalrympliana",NA,NA,NA,NA,NA,NA,NA
"70","Aglau",76,"Allocasuarina glauca",NA,NA,NA,NA,NA,NA,NA
"71","Barb",77,"Bedfordia arborescens","Blanket leaf",NA,NA,NA,NA,NA,NA
"72","Oarg",78,"Olearia argophylla","Musk Daisy bush",NA,NA,NA,NA,NA,NA
"73","Dsas",79,"Doryphora sassafras","Nsw Sassafrass",NA,NA,NA,NA,NA,NA
"74","Pasp",80,"Pomaderris aspera","Hazel Pomaderris",NA,NA,NA,NA,NA,NA
"75","Enor",81,"Eucalyptus nortonii","Narrow-leafed box",NA,NA,NA,NA,NA,NA
"76","Ageo",82,"Acacia georgensis","Bega wattle",NA,NA,NA,NA,NA,NA
"77","Amab",83,"Acacia mabellae","Mabel's Wattle",NA,NA,NA,NA,NA,NA
"78","Tlau",84,"Tristaniopsis laurina","Kanooka (Water Gum)",NA,NA,NA,NA,NA,NA
"79","Amai",85,"Acacia maidenii","Maiden's Wattle",NA,NA,NA,NA,NA,NA
"80","Sgla",86,"Synoum glandulosum","Scentless rosewood",NA,NA,NA,NA,NA,NA
"81","Aparr",87,"Acacia parramattensis","South Wales Wattle, Sydney Green Wattle, Parramatta Wattle",NA,NA,NA,NA,NA,NA
"82","Pmur",88,"Polyscias murrayi","Pencil cedar, Umbrella tree, Murray's basswood, Chinky pine",NA,NA,NA,NA,NA,NA
"83","Maze",89,"Melia azedarach","White Cedar, Tulip cedar, Chinaberry tree, Persian lilac",NA,NA,NA,NA,NA,NA
"84","Crho",90,"Callitris rhomboidea","Port Jackson pine, Oyster Bay pine",NA,NA,NA,NA,NA,NA
"85","Rhow",91,"Myrsine howittiana","Brush muttonwood",NA,NA,NA,NA,NA,NA
"86","Pspp",92,"Pomaderris species","Unidentified pomaderris spp.",NA,NA,NA,NA,NA,NA
"87","Este",93,"Eucalyptus stellulata","Black Sally",NA,NA,NA,NA,NA,NA
"88","Bmar",94,"Banksia marginata","Silver Banksia",NA,NA,NA,NA,NA,NA
"89","Eter",95,"Eucalyptus tereticornis","Forest Red Gum",NA,NA,NA,NA,NA,NA
