x,y,gridcoords
760000.000000000000000,5946000.000000000000000,760000-5946000
760000.000000000000000,5947000.000000000000000,760000-5947000
760000.000000000000000,5948000.000000000000000,760000-5948000
761000.000000000000000,5942000.000000000000000,761000-5942000
761000.000000000000000,5943000.000000000000000,761000-5943000
761000.000000000000000,5944000.000000000000000,761000-5944000
761000.000000000000000,5945000.000000000000000,761000-5945000
761000.000000000000000,5946000.000000000000000,761000-5946000
761000.000000000000000,5947000.000000000000000,761000-5947000
761000.000000000000000,5948000.000000000000000,761000-5948000
761000.000000000000000,5949000.000000000000000,761000-5949000
761000.000000000000000,5957000.000000000000000,761000-5957000
761000.000000000000000,5958000.000000000000000,761000-5958000
761000.000000000000000,5959000.000000000000000,761000-5959000
761000.000000000000000,5960000.000000000000000,761000-5960000
761000.000000000000000,5961000.000000000000000,761000-5961000
761000.000000000000000,5962000.000000000000000,761000-5962000
761500.000000000000000,5946000.000000000000000,761500-5946000
762000.000000000000000,5941000.000000000000000,762000-5941000
762000.000000000000000,5942000.000000000000000,762000-5942000
762000.000000000000000,5943000.000000000000000,762000-5943000
762000.000000000000000,5943500.000000000000000,762000-5943500
762000.000000000000000,5944000.000000000000000,762000-5944000
762000.000000000000000,5945000.000000000000000,762000-5945000
762000.000000000000000,5945500.000000000000000,762000-5945500
762000.000000000000000,5946000.000000000000000,762000-5946000
762000.000000000000000,5947000.000000000000000,762000-5947000
762000.000000000000000,5948000.000000000000000,762000-5948000
762000.000000000000000,5949000.000000000000000,762000-5949000
762000.000000000000000,5950000.000000000000000,762000-5950000
762000.000000000000000,5951000.000000000000000,762000-5951000
762000.000000000000000,5952000.000000000000000,762000-5952000
762000.000000000000000,5954000.000000000000000,762000-5954000
762000.000000000000000,5955000.000000000000000,762000-5955000
762000.000000000000000,5956000.000000000000000,762000-5956000
762000.000000000000000,5957000.000000000000000,762000-5957000
762000.000000000000000,5958000.000000000000000,762000-5958000
762000.000000000000000,5959000.000000000000000,762000-5959000
762000.000000000000000,5960000.000000000000000,762000-5960000
762000.000000000000000,5961000.000000000000000,762000-5961000
762000.000000000000000,5962000.000000000000000,762000-5962000
762500.000000000000000,5942000.000000000000000,762500-5942000
762500.000000000000000,5942500.000000000000000,762500-5942500
762500.000000000000000,5943000.000000000000000,762500-5943000
762500.000000000000000,5943500.000000000000000,762500-5943500
762500.000000000000000,5944500.000000000000000,762500-5944500
762500.000000000000000,5945000.000000000000000,762500-5945000
762500.000000000000000,5945500.000000000000000,762500-5945500
762500.000000000000000,5947500.000000000000000,762500-5947500
762500.000000000000000,5948000.000000000000000,762500-5948000
762500.000000000000000,5944500.000000000000000,762500-5944500
762500.000000000000000,5948000.000000000000000,762500-5948000
762500.000000000000000,5948500.000000000000000,762500-5948500
762500.000000000000000,5951000.000000000000000,762500-5951000
762500.000000000000000,5951500.000000000000000,762500-5951500
763000.000000000000000,5942000.000000000000000,763000-5942000
763000.000000000000000,5942500.000000000000000,763000-5942500
763000.000000000000000,5943000.000000000000000,763000-5943000
763000.000000000000000,5943500.000000000000000,763000-5943500
763000.000000000000000,5944000.000000000000000,763000-5944000
763000.000000000000000,5944500.000000000000000,763000-5944500
763000.000000000000000,5945000.000000000000000,763000-5945000
763000.000000000000000,5945500.000000000000000,763000-5945500
763000.000000000000000,5946000.000000000000000,763000-5946000
763000.000000000000000,5947000.000000000000000,763000-5947000
763000.000000000000000,5947500.000000000000000,763000-5947500
763000.000000000000000,5948000.000000000000000,763000-5948000
763000.000000000000000,5948500.000000000000000,763000-5948500
763000.000000000000000,5949000.000000000000000,763000-5949000
763000.000000000000000,5950000.000000000000000,763000-5950000
763000.000000000000000,5950500.000000000000000,763000-5950500
763000.000000000000000,5951000.000000000000000,763000-5951000
763000.000000000000000,5951500.000000000000000,763000-5951500
763000.000000000000000,5952000.000000000000000,763000-5952000
763000.000000000000000,5953000.000000000000000,763000-5953000
763000.000000000000000,5954000.000000000000000,763000-5954000
763000.000000000000000,5955000.000000000000000,763000-5955000
763000.000000000000000,5956000.000000000000000,763000-5956000
763000.000000000000000,5957000.000000000000000,763000-5957000
763000.000000000000000,5958000.000000000000000,763000-5958000
763000.000000000000000,5959000.000000000000000,763000-5959000
763000.000000000000000,5960000.000000000000000,763000-5960000
763000.000000000000000,5961000.000000000000000,763000-5961000
763000.000000000000000,5962000.000000000000000,763000-5962000
763000.000000000000000,5947000.000000000000000,763000-5947000
763000.000000000000000,5947500.000000000000000,763000-5947500
763000.000000000000000,5948000.000000000000000,763000-5948000
763000.000000000000000,5950500.000000000000000,763000-5950500
763000.000000000000000,5951000.000000000000000,763000-5951000
763000.000000000000000,5951500.000000000000000,763000-5951500
763500.000000000000000,5942500.000000000000000,763500-5942500
763500.000000000000000,5943000.000000000000000,763500-5943000
763500.000000000000000,5943500.000000000000000,763500-5943500
763500.000000000000000,5944000.000000000000000,763500-5944000
763500.000000000000000,5944500.000000000000000,763500-5944500
763500.000000000000000,5945000.000000000000000,763500-5945000
763500.000000000000000,5945500.000000000000000,763500-5945500
763500.000000000000000,5946000.000000000000000,763500-5946000
763500.000000000000000,5947000.000000000000000,763500-5947000
763500.000000000000000,5947500.000000000000000,763500-5947500
763500.000000000000000,5948000.000000000000000,763500-5948000
763500.000000000000000,5948500.000000000000000,763500-5948500
763500.000000000000000,5949000.000000000000000,763500-5949000
763500.000000000000000,5950500.000000000000000,763500-5950500
763500.000000000000000,5951000.000000000000000,763500-5951000
763500.000000000000000,5951500.000000000000000,763500-5951500
763500.000000000000000,5945000.000000000000000,763500-5945000
763500.000000000000000,5947000.000000000000000,763500-5947000
763500.000000000000000,5947500.000000000000000,763500-5947500
763500.000000000000000,5948000.000000000000000,763500-5948000
763500.000000000000000,5950500.000000000000000,763500-5950500
763500.000000000000000,5951000.000000000000000,763500-5951000
763500.000000000000000,5951500.000000000000000,763500-5951500
764000.000000000000000,5943000.000000000000000,764000-5943000
764000.000000000000000,5943500.000000000000000,764000-5943500
764000.000000000000000,5944000.000000000000000,764000-5944000
764000.000000000000000,5944500.000000000000000,764000-5944500
764000.000000000000000,5945000.000000000000000,764000-5945000
764000.000000000000000,5945500.000000000000000,764000-5945500
764000.000000000000000,5946000.000000000000000,764000-5946000
764000.000000000000000,5946500.000000000000000,764000-5946500
764000.000000000000000,5947000.000000000000000,764000-5947000
764000.000000000000000,5947500.000000000000000,764000-5947500
764000.000000000000000,5948000.000000000000000,764000-5948000
764000.000000000000000,5948500.000000000000000,764000-5948500
764000.000000000000000,5949000.000000000000000,764000-5949000
764000.000000000000000,5950000.000000000000000,764000-5950000
764000.000000000000000,5951000.000000000000000,764000-5951000
764000.000000000000000,5952000.000000000000000,764000-5952000
764000.000000000000000,5953000.000000000000000,764000-5953000
764000.000000000000000,5954000.000000000000000,764000-5954000
764000.000000000000000,5955000.000000000000000,764000-5955000
764000.000000000000000,5956000.000000000000000,764000-5956000
764000.000000000000000,5957000.000000000000000,764000-5957000
764000.000000000000000,5958000.000000000000000,764000-5958000
764000.000000000000000,5959000.000000000000000,764000-5959000
764000.000000000000000,5960000.000000000000000,764000-5960000
764000.000000000000000,5961000.000000000000000,764000-5961000
764000.000000000000000,5962000.000000000000000,764000-5962000
764000.000000000000000,5963000.000000000000000,764000-5963000
764500.000000000000000,5943000.000000000000000,764500-5943000
764500.000000000000000,5943500.000000000000000,764500-5943500
764500.000000000000000,5944000.000000000000000,764500-5944000
764500.000000000000000,5944500.000000000000000,764500-5944500
764500.000000000000000,5945000.000000000000000,764500-5945000
764500.000000000000000,5945500.000000000000000,764500-5945500
764500.000000000000000,5946000.000000000000000,764500-5946000
764500.000000000000000,5946500.000000000000000,764500-5946500
764500.000000000000000,5947000.000000000000000,764500-5947000
764500.000000000000000,5947500.000000000000000,764500-5947500
764500.000000000000000,5948000.000000000000000,764500-5948000
764500.000000000000000,5948500.000000000000000,764500-5948500
764500.000000000000000,5945500.000000000000000,764500-5945500
764500.000000000000000,5947500.000000000000000,764500-5947500
765000.000000000000000,5944500.000000000000000,765000-5944500
765000.000000000000000,5945000.000000000000000,765000-5945000
765000.000000000000000,5945500.000000000000000,765000-5945500
765000.000000000000000,5946000.000000000000000,765000-5946000
765000.000000000000000,5947000.000000000000000,765000-5947000
765000.000000000000000,5947500.000000000000000,765000-5947500
765000.000000000000000,5948000.000000000000000,765000-5948000
765000.000000000000000,5948500.000000000000000,765000-5948500
765000.000000000000000,5949000.000000000000000,765000-5949000
765000.000000000000000,5950000.000000000000000,765000-5950000
765000.000000000000000,5951000.000000000000000,765000-5951000
765000.000000000000000,5952000.000000000000000,765000-5952000
765000.000000000000000,5953000.000000000000000,765000-5953000
765000.000000000000000,5954000.000000000000000,765000-5954000
765000.000000000000000,5955000.000000000000000,765000-5955000
765000.000000000000000,5956000.000000000000000,765000-5956000
765000.000000000000000,5957000.000000000000000,765000-5957000
765000.000000000000000,5958000.000000000000000,765000-5958000
765000.000000000000000,5959000.000000000000000,765000-5959000
765000.000000000000000,5960000.000000000000000,765000-5960000
765000.000000000000000,5961000.000000000000000,765000-5961000
765000.000000000000000,5962000.000000000000000,765000-5962000
765000.000000000000000,5963000.000000000000000,765000-5963000
765000.000000000000000,5946500.000000000000000,765000-5946500
765000.000000000000000,5947000.000000000000000,765000-5947000
765000.000000000000000,5947500.000000000000000,765000-5947500
765000.000000000000000,5948000.000000000000000,765000-5948000
765500.000000000000000,5947000.000000000000000,765500-5947000
765500.000000000000000,5947500.000000000000000,765500-5947500
765500.000000000000000,5948000.000000000000000,765500-5948000
765500.000000000000000,5948500.000000000000000,765500-5948500
765500.000000000000000,5957000.000000000000000,765500-5957000
765500.000000000000000,5963000.000000000000000,765500-5963000
765500.000000000000000,5963500.000000000000000,765500-5963500
765500.000000000000000,5946500.000000000000000,765500-5946500
765500.000000000000000,5947000.000000000000000,765500-5947000
765500.000000000000000,5947500.000000000000000,765500-5947500
765500.000000000000000,5948000.000000000000000,765500-5948000
765500.000000000000000,5956500.000000000000000,765500-5956500
765500.000000000000000,5957000.000000000000000,765500-5957000
766000.000000000000000,5946500.000000000000000,766000-5946500
766000.000000000000000,5947000.000000000000000,766000-5947000
766000.000000000000000,5947500.000000000000000,766000-5947500
766000.000000000000000,5948000.000000000000000,766000-5948000
766000.000000000000000,5948500.000000000000000,766000-5948500
766000.000000000000000,5949000.000000000000000,766000-5949000
766000.000000000000000,5949500.000000000000000,766000-5949500
766000.000000000000000,5950000.000000000000000,766000-5950000
766000.000000000000000,5951000.000000000000000,766000-5951000
766000.000000000000000,5952000.000000000000000,766000-5952000
766000.000000000000000,5953000.000000000000000,766000-5953000
766000.000000000000000,5954000.000000000000000,766000-5954000
766000.000000000000000,5955000.000000000000000,766000-5955000
766000.000000000000000,5956000.000000000000000,766000-5956000
766000.000000000000000,5956500.000000000000000,766000-5956500
766000.000000000000000,5957000.000000000000000,766000-5957000
766000.000000000000000,5957500.000000000000000,766000-5957500
766000.000000000000000,5958000.000000000000000,766000-5958000
766000.000000000000000,5959000.000000000000000,766000-5959000
766000.000000000000000,5960000.000000000000000,766000-5960000
766000.000000000000000,5961000.000000000000000,766000-5961000
766000.000000000000000,5962000.000000000000000,766000-5962000
766000.000000000000000,5962500.000000000000000,766000-5962500
766000.000000000000000,5963000.000000000000000,766000-5963000
766000.000000000000000,5963500.000000000000000,766000-5963500
766000.000000000000000,5964000.000000000000000,766000-5964000
766000.000000000000000,5947000.000000000000000,766000-5947000
766000.000000000000000,5947500.000000000000000,766000-5947500
766000.000000000000000,5948000.000000000000000,766000-5948000
766000.000000000000000,5956500.000000000000000,766000-5956500
766000.000000000000000,5957000.000000000000000,766000-5957000
766500.000000000000000,5946500.000000000000000,766500-5946500
766500.000000000000000,5947000.000000000000000,766500-5947000
766500.000000000000000,5947500.000000000000000,766500-5947500
766500.000000000000000,5948000.000000000000000,766500-5948000
766500.000000000000000,5948500.000000000000000,766500-5948500
766500.000000000000000,5949000.000000000000000,766500-5949000
766500.000000000000000,5949500.000000000000000,766500-5949500
766500.000000000000000,5957000.000000000000000,766500-5957000
766500.000000000000000,5961000.000000000000000,766500-5961000
766500.000000000000000,5963000.000000000000000,766500-5963000
766500.000000000000000,5947000.000000000000000,766500-5947000
766500.000000000000000,5947500.000000000000000,766500-5947500
767000.000000000000000,5946500.000000000000000,767000-5946500
767000.000000000000000,5947000.000000000000000,767000-5947000
767000.000000000000000,5947500.000000000000000,767000-5947500
767000.000000000000000,5948000.000000000000000,767000-5948000
767000.000000000000000,5948500.000000000000000,767000-5948500
767000.000000000000000,5949000.000000000000000,767000-5949000
767000.000000000000000,5949500.000000000000000,767000-5949500
767000.000000000000000,5950000.000000000000000,767000-5950000
767000.000000000000000,5951000.000000000000000,767000-5951000
767000.000000000000000,5952000.000000000000000,767000-5952000
767000.000000000000000,5953000.000000000000000,767000-5953000
767000.000000000000000,5954000.000000000000000,767000-5954000
767000.000000000000000,5955000.000000000000000,767000-5955000
767000.000000000000000,5956000.000000000000000,767000-5956000
767000.000000000000000,5957000.000000000000000,767000-5957000
767000.000000000000000,5958000.000000000000000,767000-5958000
767000.000000000000000,5959000.000000000000000,767000-5959000
767000.000000000000000,5960000.000000000000000,767000-5960000
767000.000000000000000,5960500.000000000000000,767000-5960500
767000.000000000000000,5961000.000000000000000,767000-5961000
767000.000000000000000,5961500.000000000000000,767000-5961500
767000.000000000000000,5962000.000000000000000,767000-5962000
767000.000000000000000,5963000.000000000000000,767000-5963000
767000.000000000000000,5964000.000000000000000,767000-5964000
767000.000000000000000,5966500.000000000000000,767000-5966500
767000.000000000000000,5944500.000000000000000,767000-5944500
767000.000000000000000,5945000.000000000000000,767000-5945000
767000.000000000000000,5950000.000000000000000,767000-5950000
767000.000000000000000,5967000.000000000000000,767000-5967000
767500.000000000000000,5944500.000000000000000,767500-5944500
767500.000000000000000,5947000.000000000000000,767500-5947000
767500.000000000000000,5947500.000000000000000,767500-5947500
767500.000000000000000,5948000.000000000000000,767500-5948000
767500.000000000000000,5948500.000000000000000,767500-5948500
767500.000000000000000,5949000.000000000000000,767500-5949000
767500.000000000000000,5949500.000000000000000,767500-5949500
767500.000000000000000,5956000.000000000000000,767500-5956000
767500.000000000000000,5961000.000000000000000,767500-5961000
767500.000000000000000,5964500.000000000000000,767500-5964500
767500.000000000000000,5966000.000000000000000,767500-5966000
767500.000000000000000,5966500.000000000000000,767500-5966500
767500.000000000000000,5944500.000000000000000,767500-5944500
767500.000000000000000,5945000.000000000000000,767500-5945000
767500.000000000000000,5944500.000000000000000,767500-5944500
767500.000000000000000,5948000.000000000000000,767500-5948000
767500.000000000000000,5948500.000000000000000,767500-5948500
767500.000000000000000,5949000.000000000000000,767500-5949000
767500.000000000000000,5949500.000000000000000,767500-5949500
767500.000000000000000,5950000.000000000000000,767500-5950000
767500.000000000000000,5951000.000000000000000,767500-5951000
767500.000000000000000,5954000.000000000000000,767500-5954000
767500.000000000000000,5955000.000000000000000,767500-5955000
767500.000000000000000,5955500.000000000000000,767500-5955500
767500.000000000000000,5956000.000000000000000,767500-5956000
767500.000000000000000,5956500.000000000000000,767500-5956500
767500.000000000000000,5957000.000000000000000,767500-5957000
767500.000000000000000,5958000.000000000000000,767500-5958000
767500.000000000000000,5959000.000000000000000,767500-5959000
767500.000000000000000,5960000.000000000000000,767500-5960000
767500.000000000000000,5960500.000000000000000,767500-5960500
767500.000000000000000,5961000.000000000000000,767500-5961000
767500.000000000000000,5961500.000000000000000,767500-5961500
767500.000000000000000,5962000.000000000000000,767500-5962000
767500.000000000000000,5963000.000000000000000,767500-5963000
767500.000000000000000,5964000.000000000000000,767500-5964000
767500.000000000000000,5964500.000000000000000,767500-5964500
768000.000000000000000,5945000.000000000000000,768000-5945000
768000.000000000000000,5964000.000000000000000,768000-5964000
768000.000000000000000,5947500.000000000000000,768000-5947500
768000.000000000000000,5948000.000000000000000,768000-5948000
768000.000000000000000,5948500.000000000000000,768000-5948500
768000.000000000000000,5949000.000000000000000,768000-5949000
768000.000000000000000,5951000.000000000000000,768000-5951000
768000.000000000000000,5956000.000000000000000,768000-5956000
768000.000000000000000,5961000.000000000000000,768000-5961000
768000.000000000000000,5961500.000000000000000,768000-5961500
768000.000000000000000,5964500.000000000000000,768000-5964500
768500.000000000000000,5964000.000000000000000,768500-5964000
768500.000000000000000,5965500.000000000000000,768500-5965500
768500.000000000000000,5970500.000000000000000,768500-5970500
768500.000000000000000,5947500.000000000000000,768500-5947500
768500.000000000000000,5948000.000000000000000,768500-5948000
768500.000000000000000,5948500.000000000000000,768500-5948500
768500.000000000000000,5949000.000000000000000,768500-5949000
768500.000000000000000,5949500.000000000000000,768500-5949500
768500.000000000000000,5950000.000000000000000,768500-5950000
768500.000000000000000,5950500.000000000000000,768500-5950500
768500.000000000000000,5951000.000000000000000,768500-5951000
768500.000000000000000,5951500.000000000000000,768500-5951500
768500.000000000000000,5952000.000000000000000,768500-5952000
768500.000000000000000,5954000.000000000000000,768500-5954000
768500.000000000000000,5955000.000000000000000,768500-5955000
768500.000000000000000,5955500.000000000000000,768500-5955500
768500.000000000000000,5956000.000000000000000,768500-5956000
768500.000000000000000,5956500.000000000000000,768500-5956500
768500.000000000000000,5957000.000000000000000,768500-5957000
768500.000000000000000,5958000.000000000000000,768500-5958000
768500.000000000000000,5958500.000000000000000,768500-5958500
768500.000000000000000,5959000.000000000000000,768500-5959000
768500.000000000000000,5959500.000000000000000,768500-5959500
768500.000000000000000,5960000.000000000000000,768500-5960000
768500.000000000000000,5960500.000000000000000,768500-5960500
768500.000000000000000,5961000.000000000000000,768500-5961000
768500.000000000000000,5961500.000000000000000,768500-5961500
768500.000000000000000,5962000.000000000000000,768500-5962000
768500.000000000000000,5963000.000000000000000,768500-5963000
768500.000000000000000,5964000.000000000000000,768500-5964000
768500.000000000000000,5964500.000000000000000,768500-5964500
768500.000000000000000,5965000.000000000000000,768500-5965000
768500.000000000000000,5965500.000000000000000,768500-5965500
768500.000000000000000,5967000.000000000000000,768500-5967000
768500.000000000000000,5967500.000000000000000,768500-5967500
769000.000000000000000,5950000.000000000000000,769000-5950000
769000.000000000000000,5964000.000000000000000,769000-5964000
769000.000000000000000,5964500.000000000000000,769000-5964500
769000.000000000000000,5947500.000000000000000,769000-5947500
769000.000000000000000,5948000.000000000000000,769000-5948000
769000.000000000000000,5948500.000000000000000,769000-5948500
769000.000000000000000,5949000.000000000000000,769000-5949000
769000.000000000000000,5949500.000000000000000,769000-5949500
769000.000000000000000,5950000.000000000000000,769000-5950000
769000.000000000000000,5951000.000000000000000,769000-5951000
769000.000000000000000,5956000.000000000000000,769000-5956000
769000.000000000000000,5958000.000000000000000,769000-5958000
769000.000000000000000,5958500.000000000000000,769000-5958500
769000.000000000000000,5959000.000000000000000,769000-5959000
769000.000000000000000,5959500.000000000000000,769000-5959500
769000.000000000000000,5960000.000000000000000,769000-5960000
769000.000000000000000,5960500.000000000000000,769000-5960500
769000.000000000000000,5961000.000000000000000,769000-5961000
769000.000000000000000,5961500.000000000000000,769000-5961500
769000.000000000000000,5962000.000000000000000,769000-5962000
769000.000000000000000,5965000.000000000000000,769000-5965000
769000.000000000000000,5965500.000000000000000,769000-5965500
769000.000000000000000,5967000.000000000000000,769000-5967000
769000.000000000000000,5967500.000000000000000,769000-5967500
769000.000000000000000,5969000.000000000000000,769000-5969000
769000.000000000000000,5969500.000000000000000,769000-5969500
769000.000000000000000,5970000.000000000000000,769000-5970000
769500.000000000000000,5965000.000000000000000,769500-5965000
769500.000000000000000,5968500.000000000000000,769500-5968500
769500.000000000000000,5947500.000000000000000,769500-5947500
769500.000000000000000,5948000.000000000000000,769500-5948000
769500.000000000000000,5948500.000000000000000,769500-5948500
769500.000000000000000,5949000.000000000000000,769500-5949000
769500.000000000000000,5950000.000000000000000,769500-5950000
769500.000000000000000,5951000.000000000000000,769500-5951000
769500.000000000000000,5955000.000000000000000,769500-5955000
769500.000000000000000,5956000.000000000000000,769500-5956000
769500.000000000000000,5957000.000000000000000,769500-5957000
769500.000000000000000,5958000.000000000000000,769500-5958000
769500.000000000000000,5958500.000000000000000,769500-5958500
769500.000000000000000,5959000.000000000000000,769500-5959000
769500.000000000000000,5959500.000000000000000,769500-5959500
769500.000000000000000,5960000.000000000000000,769500-5960000
769500.000000000000000,5960500.000000000000000,769500-5960500
769500.000000000000000,5961000.000000000000000,769500-5961000
769500.000000000000000,5961500.000000000000000,769500-5961500
769500.000000000000000,5962000.000000000000000,769500-5962000
769500.000000000000000,5962500.000000000000000,769500-5962500
769500.000000000000000,5963000.000000000000000,769500-5963000
769500.000000000000000,5964500.000000000000000,769500-5964500
769500.000000000000000,5967000.000000000000000,769500-5967000
769500.000000000000000,5970000.000000000000000,769500-5970000
770000.000000000000000,5949000.000000000000000,770000-5949000
770000.000000000000000,5959000.000000000000000,770000-5959000
770000.000000000000000,5964500.000000000000000,770000-5964500
770000.000000000000000,5965000.000000000000000,770000-5965000
770000.000000000000000,5968500.000000000000000,770000-5968500
770000.000000000000000,5947000.000000000000000,770000-5947000
770000.000000000000000,5947500.000000000000000,770000-5947500
770000.000000000000000,5948000.000000000000000,770000-5948000
770000.000000000000000,5948500.000000000000000,770000-5948500
770000.000000000000000,5949000.000000000000000,770000-5949000
770000.000000000000000,5957500.000000000000000,770000-5957500
770000.000000000000000,5958000.000000000000000,770000-5958000
770000.000000000000000,5958500.000000000000000,770000-5958500
770000.000000000000000,5959000.000000000000000,770000-5959000
770000.000000000000000,5959500.000000000000000,770000-5959500
770000.000000000000000,5960000.000000000000000,770000-5960000
770000.000000000000000,5960500.000000000000000,770000-5960500
770000.000000000000000,5961000.000000000000000,770000-5961000
770000.000000000000000,5961500.000000000000000,770000-5961500
770000.000000000000000,5962000.000000000000000,770000-5962000
770000.000000000000000,5962500.000000000000000,770000-5962500
770000.000000000000000,5963000.000000000000000,770000-5963000
770000.000000000000000,5963500.000000000000000,770000-5963500
770000.000000000000000,5964000.000000000000000,770000-5964000
770000.000000000000000,5964500.000000000000000,770000-5964500
770000.000000000000000,5965000.000000000000000,770000-5965000
770000.000000000000000,5966500.000000000000000,770000-5966500
770000.000000000000000,5970500.000000000000000,770000-5970500
770500.000000000000000,5964500.000000000000000,770500-5964500
770500.000000000000000,5947000.000000000000000,770500-5947000
770500.000000000000000,5947500.000000000000000,770500-5947500
770500.000000000000000,5948000.000000000000000,770500-5948000
770500.000000000000000,5948500.000000000000000,770500-5948500
770500.000000000000000,5949000.000000000000000,770500-5949000
770500.000000000000000,5956000.000000000000000,770500-5956000
770500.000000000000000,5958000.000000000000000,770500-5958000
770500.000000000000000,5959000.000000000000000,770500-5959000
770500.000000000000000,5959500.000000000000000,770500-5959500
770500.000000000000000,5960000.000000000000000,770500-5960000
770500.000000000000000,5960500.000000000000000,770500-5960500
770500.000000000000000,5961000.000000000000000,770500-5961000
770500.000000000000000,5961500.000000000000000,770500-5961500
770500.000000000000000,5962000.000000000000000,770500-5962000
770500.000000000000000,5962500.000000000000000,770500-5962500
770500.000000000000000,5963000.000000000000000,770500-5963000
770500.000000000000000,5963500.000000000000000,770500-5963500
770500.000000000000000,5964000.000000000000000,770500-5964000
770500.000000000000000,5964500.000000000000000,770500-5964500
770500.000000000000000,5965000.000000000000000,770500-5965000
770500.000000000000000,5966000.000000000000000,770500-5966000
770500.000000000000000,5966500.000000000000000,770500-5966500
770500.000000000000000,5970000.000000000000000,770500-5970000
771000.000000000000000,5964000.000000000000000,771000-5964000
771000.000000000000000,5964500.000000000000000,771000-5964500
771000.000000000000000,5965500.000000000000000,771000-5965500
771000.000000000000000,5966000.000000000000000,771000-5966000
771000.000000000000000,5966500.000000000000000,771000-5966500
771000.000000000000000,5967500.000000000000000,771000-5967500
771000.000000000000000,5946000.000000000000000,771000-5946000
771000.000000000000000,5946500.000000000000000,771000-5946500
771000.000000000000000,5947000.000000000000000,771000-5947000
771000.000000000000000,5947500.000000000000000,771000-5947500
771000.000000000000000,5948000.000000000000000,771000-5948000
771000.000000000000000,5948500.000000000000000,771000-5948500
771000.000000000000000,5959500.000000000000000,771000-5959500
771000.000000000000000,5960000.000000000000000,771000-5960000
771000.000000000000000,5960500.000000000000000,771000-5960500
771000.000000000000000,5961000.000000000000000,771000-5961000
771000.000000000000000,5961500.000000000000000,771000-5961500
771000.000000000000000,5962000.000000000000000,771000-5962000
771000.000000000000000,5962500.000000000000000,771000-5962500
771000.000000000000000,5963000.000000000000000,771000-5963000
771000.000000000000000,5963500.000000000000000,771000-5963500
771000.000000000000000,5964000.000000000000000,771000-5964000
771000.000000000000000,5964500.000000000000000,771000-5964500
771000.000000000000000,5965500.000000000000000,771000-5965500
771000.000000000000000,5966000.000000000000000,771000-5966000
771000.000000000000000,5966500.000000000000000,771000-5966500
771000.000000000000000,5967000.000000000000000,771000-5967000
771000.000000000000000,5967500.000000000000000,771000-5967500
771000.000000000000000,5968000.000000000000000,771000-5968000
771000.000000000000000,5969500.000000000000000,771000-5969500
771000.000000000000000,5970000.000000000000000,771000-5970000
771500.000000000000000,5963500.000000000000000,771500-5963500
771500.000000000000000,5964500.000000000000000,771500-5964500
771500.000000000000000,5965000.000000000000000,771500-5965000
771500.000000000000000,5965500.000000000000000,771500-5965500
771500.000000000000000,5966000.000000000000000,771500-5966000
771500.000000000000000,5966500.000000000000000,771500-5966500
771500.000000000000000,5967000.000000000000000,771500-5967000
771500.000000000000000,5967500.000000000000000,771500-5967500
771500.000000000000000,5956000.000000000000000,771500-5956000
771500.000000000000000,5957000.000000000000000,771500-5957000
771500.000000000000000,5959000.000000000000000,771500-5959000
771500.000000000000000,5959500.000000000000000,771500-5959500
771500.000000000000000,5960000.000000000000000,771500-5960000
771500.000000000000000,5960500.000000000000000,771500-5960500
771500.000000000000000,5961500.000000000000000,771500-5961500
771500.000000000000000,5962000.000000000000000,771500-5962000
771500.000000000000000,5962500.000000000000000,771500-5962500
771500.000000000000000,5963000.000000000000000,771500-5963000
771500.000000000000000,5963500.000000000000000,771500-5963500
771500.000000000000000,5964000.000000000000000,771500-5964000
771500.000000000000000,5964500.000000000000000,771500-5964500
771500.000000000000000,5965000.000000000000000,771500-5965000
771500.000000000000000,5965500.000000000000000,771500-5965500
771500.000000000000000,5966000.000000000000000,771500-5966000
771500.000000000000000,5966500.000000000000000,771500-5966500
771500.000000000000000,5967000.000000000000000,771500-5967000
771500.000000000000000,5967500.000000000000000,771500-5967500
771500.000000000000000,5969000.000000000000000,771500-5969000
771500.000000000000000,5969500.000000000000000,771500-5969500
771500.000000000000000,5970000.000000000000000,771500-5970000
772000.000000000000000,5962500.000000000000000,772000-5962500
772000.000000000000000,5963500.000000000000000,772000-5963500
772000.000000000000000,5965000.000000000000000,772000-5965000
772000.000000000000000,5965500.000000000000000,772000-5965500
772000.000000000000000,5966000.000000000000000,772000-5966000
772000.000000000000000,5966500.000000000000000,772000-5966500
772000.000000000000000,5967000.000000000000000,772000-5967000
772000.000000000000000,5959000.000000000000000,772000-5959000
772000.000000000000000,5959500.000000000000000,772000-5959500
772000.000000000000000,5960000.000000000000000,772000-5960000
772000.000000000000000,5960500.000000000000000,772000-5960500
772000.000000000000000,5961500.000000000000000,772000-5961500
772000.000000000000000,5962000.000000000000000,772000-5962000
772000.000000000000000,5962500.000000000000000,772000-5962500
772000.000000000000000,5963000.000000000000000,772000-5963000
772000.000000000000000,5963500.000000000000000,772000-5963500
772000.000000000000000,5964000.000000000000000,772000-5964000
772000.000000000000000,5964500.000000000000000,772000-5964500
772000.000000000000000,5965000.000000000000000,772000-5965000
772000.000000000000000,5965500.000000000000000,772000-5965500
772000.000000000000000,5966000.000000000000000,772000-5966000
772000.000000000000000,5966500.000000000000000,772000-5966500
772000.000000000000000,5967000.000000000000000,772000-5967000
772000.000000000000000,5967500.000000000000000,772000-5967500
772000.000000000000000,5968000.000000000000000,772000-5968000
772500.000000000000000,5963000.000000000000000,772500-5963000
772500.000000000000000,5963500.000000000000000,772500-5963500
772500.000000000000000,5964000.000000000000000,772500-5964000
772500.000000000000000,5964500.000000000000000,772500-5964500
772500.000000000000000,5965500.000000000000000,772500-5965500
772500.000000000000000,5966000.000000000000000,772500-5966000
772500.000000000000000,5966500.000000000000000,772500-5966500
772500.000000000000000,5961500.000000000000000,772500-5961500
772500.000000000000000,5962000.000000000000000,772500-5962000
772500.000000000000000,5962500.000000000000000,772500-5962500
772500.000000000000000,5963000.000000000000000,772500-5963000
772500.000000000000000,5964500.000000000000000,772500-5964500
772500.000000000000000,5965500.000000000000000,772500-5965500
772500.000000000000000,5966000.000000000000000,772500-5966000
772500.000000000000000,5966500.000000000000000,772500-5966500
772500.000000000000000,5967000.000000000000000,772500-5967000
772500.000000000000000,5967500.000000000000000,772500-5967500
773000.000000000000000,5961500.000000000000000,773000-5961500
773000.000000000000000,5965000.000000000000000,773000-5965000
773000.000000000000000,5965500.000000000000000,773000-5965500
773000.000000000000000,5966000.000000000000000,773000-5966000
773000.000000000000000,5966500.000000000000000,773000-5966500
773000.000000000000000,5961500.000000000000000,773000-5961500
773000.000000000000000,5962000.000000000000000,773000-5962000
773000.000000000000000,5962500.000000000000000,773000-5962500
773000.000000000000000,5963000.000000000000000,773000-5963000
773000.000000000000000,5965000.000000000000000,773000-5965000
773000.000000000000000,5965500.000000000000000,773000-5965500
773000.000000000000000,5966000.000000000000000,773000-5966000
773000.000000000000000,5966500.000000000000000,773000-5966500
773000.000000000000000,5967000.000000000000000,773000-5967000
773000.000000000000000,5967500.000000000000000,773000-5967500
773500.000000000000000,5961500.000000000000000,773500-5961500
773500.000000000000000,5965000.000000000000000,773500-5965000
773500.000000000000000,5965500.000000000000000,773500-5965500
773500.000000000000000,5966000.000000000000000,773500-5966000
773500.000000000000000,5966500.000000000000000,773500-5966500
773500.000000000000000,5961500.000000000000000,773500-5961500
773500.000000000000000,5962000.000000000000000,773500-5962000
773500.000000000000000,5962500.000000000000000,773500-5962500
773500.000000000000000,5965500.000000000000000,773500-5965500
773500.000000000000000,5966000.000000000000000,773500-5966000
773500.000000000000000,5966500.000000000000000,773500-5966500
773500.000000000000000,5967000.000000000000000,773500-5967000
773500.000000000000000,5967500.000000000000000,773500-5967500
773500.000000000000000,5968000.000000000000000,773500-5968000
774000.000000000000000,5961000.000000000000000,774000-5961000
774000.000000000000000,5961000.000000000000000,774000-5961000
774000.000000000000000,5961500.000000000000000,774000-5961500
774000.000000000000000,5967000.000000000000000,774000-5967000
764500.000000000000000,5945000.000000000000000,764500-5945000
760000.000000000000000,5966500.000000000000000,760000-5966500
767000.000000000000000,5966500.000000000000000,767000-5966500
767500.000000000000000,5966500.000000000000000,767500-5966500
759500.000000000000000,5966000.000000000000000,759500-5966000
766500.000000000000000,5966000.000000000000000,766500-5966000
767500.000000000000000,5966000.000000000000000,767500-5966000
756000.000000000000000,5965500.000000000000000,756000-5965500
759000.000000000000000,5965500.000000000000000,759000-5965500
759500.000000000000000,5965500.000000000000000,759500-5965500
760000.000000000000000,5965500.000000000000000,760000-5965500
759500.000000000000000,5965000.000000000000000,759500-5965000
766500.000000000000000,5965000.000000000000000,766500-5965000
759500.000000000000000,5964500.000000000000000,759500-5964500
760000.000000000000000,5964500.000000000000000,760000-5964500
760500.000000000000000,5964500.000000000000000,760500-5964500
765500.000000000000000,5964500.000000000000000,765500-5964500
766000.000000000000000,5964500.000000000000000,766000-5964500
767500.000000000000000,5964500.000000000000000,767500-5964500
768000.000000000000000,5964500.000000000000000,768000-5964500
759500.000000000000000,5964000.000000000000000,759500-5964000
760500.000000000000000,5964000.000000000000000,760500-5964000
765500.000000000000000,5964000.000000000000000,765500-5964000
766500.000000000000000,5964000.000000000000000,766500-5964000
767500.000000000000000,5964000.000000000000000,767500-5964000
759000.000000000000000,5936500.000000000000000,759000-5936500
759500.000000000000000,5963500.000000000000000,759500-5963500
760000.000000000000000,5963500.000000000000000,760000-5963500
760500.000000000000000,5963500.000000000000000,760500-5963500
761000.000000000000000,5963500.000000000000000,761000-5963500
761500.000000000000000,5963500.000000000000000,761500-5963500
764500.000000000000000,5963500.000000000000000,764500-5963500
765500.000000000000000,5963500.000000000000000,765500-5963500
766000.000000000000000,5963500.000000000000000,766000-5963500
766500.000000000000000,5963500.000000000000000,766500-5963500
767000.000000000000000,5963500.000000000000000,767000-5963500
767500.000000000000000,5963500.000000000000000,767500-5963500
768000.000000000000000,5963500.000000000000000,768000-5963500
759500.000000000000000,5963000.000000000000000,759500-5963000
760500.000000000000000,5963000.000000000000000,760500-5963000
761500.000000000000000,5963000.000000000000000,761500-5963000
762500.000000000000000,5963000.000000000000000,762500-5963000
764500.000000000000000,5963000.000000000000000,764500-5963000
765500.000000000000000,5963000.000000000000000,765500-5963000
766500.000000000000000,5963000.000000000000000,766500-5963000
767500.000000000000000,5963000.000000000000000,767500-5963000
764000.000000000000000,5962500.000000000000000,764000-5962500
764500.000000000000000,5962500.000000000000000,764500-5962500
765000.000000000000000,5962500.000000000000000,765000-5962500
765500.000000000000000,5962500.000000000000000,765500-5962500
766000.000000000000000,5962500.000000000000000,766000-5962500
766500.000000000000000,5962500.000000000000000,766500-5962500
767000.000000000000000,5962500.000000000000000,767000-5962500
767500.000000000000000,5962500.000000000000000,767500-5962500
768000.000000000000000,5962500.000000000000000,768000-5962500
763500.000000000000000,5962000.000000000000000,763500-5962000
764500.000000000000000,5962000.000000000000000,764500-5962000
765500.000000000000000,5962000.000000000000000,765500-5962000
766500.000000000000000,5962000.000000000000000,766500-5962000
767500.000000000000000,5962000.000000000000000,767500-5962000
763500.000000000000000,5961500.000000000000000,763500-5961500
764000.000000000000000,5961500.000000000000000,764000-5961500
764500.000000000000000,5961500.000000000000000,764500-5961500
765000.000000000000000,5961500.000000000000000,765000-5961500
765500.000000000000000,5961500.000000000000000,765500-5961500
766000.000000000000000,5961500.000000000000000,766000-5961500
766500.000000000000000,5961500.000000000000000,766500-5961500
767000.000000000000000,5961500.000000000000000,767000-5961500
767500.000000000000000,5961500.000000000000000,767500-5961500
768000.000000000000000,5961500.000000000000000,768000-5961500
763500.000000000000000,5961000.000000000000000,763500-5961000
764500.000000000000000,5961000.000000000000000,764500-5961000
765500.000000000000000,5961000.000000000000000,765500-5961000
766500.000000000000000,5961000.000000000000000,766500-5961000
767500.000000000000000,5961000.000000000000000,767500-5961000
762000.000000000000000,5960500.000000000000000,762000-5960500
762500.000000000000000,5960500.000000000000000,762500-5960500
763000.000000000000000,5960500.000000000000000,763000-5960500
763500.000000000000000,5960500.000000000000000,763500-5960500
764000.000000000000000,5960500.000000000000000,764000-5960500
764500.000000000000000,5960500.000000000000000,764500-5960500
765000.000000000000000,5960500.000000000000000,765000-5960500
765500.000000000000000,5960500.000000000000000,765500-5960500
766000.000000000000000,5960500.000000000000000,766000-5960500
766500.000000000000000,5960500.000000000000000,766500-5960500
767000.000000000000000,5960500.000000000000000,767000-5960500
767500.000000000000000,5960500.000000000000000,767500-5960500
761500.000000000000000,5960000.000000000000000,761500-5960000
762500.000000000000000,5960000.000000000000000,762500-5960000
763500.000000000000000,5960000.000000000000000,763500-5960000
764500.000000000000000,5960000.000000000000000,764500-5960000
765500.000000000000000,5960000.000000000000000,765500-5960000
766500.000000000000000,5960000.000000000000000,766500-5960000
767500.000000000000000,5960000.000000000000000,767500-5960000
761500.000000000000000,5959500.000000000000000,761500-5959500
762000.000000000000000,5959500.000000000000000,762000-5959500
762500.000000000000000,5959500.000000000000000,762500-5959500
763000.000000000000000,5959500.000000000000000,763000-5959500
763500.000000000000000,5959500.000000000000000,763500-5959500
764000.000000000000000,5959500.000000000000000,764000-5959500
764500.000000000000000,5959500.000000000000000,764500-5959500
765000.000000000000000,5959500.000000000000000,765000-5959500
765500.000000000000000,5959500.000000000000000,765500-5959500
766000.000000000000000,5959500.000000000000000,766000-5959500
766500.000000000000000,5959500.000000000000000,766500-5959500
767000.000000000000000,5959500.000000000000000,767000-5959500
767500.000000000000000,5959500.000000000000000,767500-5959500
768000.000000000000000,5959500.000000000000000,768000-5959500
761500.000000000000000,5959000.000000000000000,761500-5959000
762500.000000000000000,5959000.000000000000000,762500-5959000
763500.000000000000000,5959000.000000000000000,763500-5959000
764500.000000000000000,5959000.000000000000000,764500-5959000
765500.000000000000000,5959000.000000000000000,765500-5959000
766500.000000000000000,5959000.000000000000000,766500-5959000
767500.000000000000000,5959000.000000000000000,767500-5959000
762000.000000000000000,5958500.000000000000000,762000-5958500
762500.000000000000000,5958500.000000000000000,762500-5958500
763000.000000000000000,5958500.000000000000000,763000-5958500
763500.000000000000000,5958500.000000000000000,763500-5958500
764000.000000000000000,5958500.000000000000000,764000-5958500
764500.000000000000000,5958500.000000000000000,764500-5958500
765000.000000000000000,5958500.000000000000000,765000-5958500
765500.000000000000000,5958500.000000000000000,765500-5958500
766000.000000000000000,5958500.000000000000000,766000-5958500
766500.000000000000000,5958500.000000000000000,766500-5958500
767000.000000000000000,5958500.000000000000000,767000-5958500
767500.000000000000000,5958500.000000000000000,767500-5958500
768000.000000000000000,5958500.000000000000000,768000-5958500
762500.000000000000000,5958000.000000000000000,762500-5958000
763500.000000000000000,5958000.000000000000000,763500-5958000
764500.000000000000000,5958000.000000000000000,764500-5958000
765500.000000000000000,5958000.000000000000000,765500-5958000
766500.000000000000000,5958000.000000000000000,766500-5958000
767500.000000000000000,5958000.000000000000000,767500-5958000
762500.000000000000000,5957500.000000000000000,762500-5957500
763000.000000000000000,5957500.000000000000000,763000-5957500
763500.000000000000000,5957500.000000000000000,763500-5957500
764000.000000000000000,5957500.000000000000000,764000-5957500
764500.000000000000000,5957500.000000000000000,764500-5957500
765000.000000000000000,5957500.000000000000000,765000-5957500
765500.000000000000000,5957500.000000000000000,765500-5957500
766000.000000000000000,5957500.000000000000000,766000-5957500
766500.000000000000000,5957500.000000000000000,766500-5957500
767000.000000000000000,5957500.000000000000000,767000-5957500
767500.000000000000000,5957500.000000000000000,767500-5957500
768000.000000000000000,5957500.000000000000000,768000-5957500
762500.000000000000000,5957000.000000000000000,762500-5957000
763500.000000000000000,5957000.000000000000000,763500-5957000
764500.000000000000000,5957000.000000000000000,764500-5957000
765500.000000000000000,5957000.000000000000000,765500-5957000
766500.000000000000000,5957000.000000000000000,766500-5957000
767500.000000000000000,5957000.000000000000000,767500-5957000
762500.000000000000000,5956500.000000000000000,762500-5956500
763000.000000000000000,5956500.000000000000000,763000-5956500
763500.000000000000000,5956500.000000000000000,763500-5956500
764000.000000000000000,5956500.000000000000000,764000-5956500
764500.000000000000000,5956500.000000000000000,764500-5956500
765000.000000000000000,5956500.000000000000000,765000-5956500
765500.000000000000000,5956500.000000000000000,765500-5956500
766000.000000000000000,5956500.000000000000000,766000-5956500
766500.000000000000000,5956500.000000000000000,766500-5956500
767000.000000000000000,5956500.000000000000000,767000-5956500
767500.000000000000000,5956500.000000000000000,767500-5956500
768000.000000000000000,5956500.000000000000000,768000-5956500
762500.000000000000000,5956000.000000000000000,762500-5956000
763500.000000000000000,5956000.000000000000000,763500-5956000
764500.000000000000000,5956000.000000000000000,764500-5956000
765500.000000000000000,5956000.000000000000000,765500-5956000
766500.000000000000000,5956000.000000000000000,766500-5956000
767500.000000000000000,5956000.000000000000000,767500-5956000
762500.000000000000000,5955500.000000000000000,762500-5955500
763000.000000000000000,5955500.000000000000000,763000-5955500
763500.000000000000000,5955500.000000000000000,763500-5955500
764500.000000000000000,5955500.000000000000000,764500-5955500
765000.000000000000000,5955500.000000000000000,765000-5955500
765500.000000000000000,5955500.000000000000000,765500-5955500
766000.000000000000000,5955500.000000000000000,766000-5955500
766500.000000000000000,5955500.000000000000000,766500-5955500
767000.000000000000000,5955500.000000000000000,767000-5955500
767500.000000000000000,5955500.000000000000000,767500-5955500
768000.000000000000000,5955500.000000000000000,768000-5955500
762500.000000000000000,5955000.000000000000000,762500-5955000
763500.000000000000000,5955000.000000000000000,763500-5955000
764500.000000000000000,5955000.000000000000000,764500-5955000
765500.000000000000000,5955000.000000000000000,765500-5955000
766500.000000000000000,5955000.000000000000000,766500-5955000
767500.000000000000000,5955000.000000000000000,767500-5955000
762500.000000000000000,5954500.000000000000000,762500-5954500
763000.000000000000000,5954500.000000000000000,763000-5954500
763500.000000000000000,5954500.000000000000000,763500-5954500
764000.000000000000000,5954500.000000000000000,764000-5954500
764500.000000000000000,5954500.000000000000000,764500-5954500
765000.000000000000000,5954500.000000000000000,765000-5954500
765500.000000000000000,5954500.000000000000000,765500-5954500
766000.000000000000000,5954500.000000000000000,766000-5954500
766500.000000000000000,5954500.000000000000000,766500-5954500
767000.000000000000000,5954500.000000000000000,767000-5954500
767500.000000000000000,5954500.000000000000000,767500-5954500
768000.000000000000000,5954500.000000000000000,768000-5954500
762500.000000000000000,5954000.000000000000000,762500-5954000
763500.000000000000000,5954000.000000000000000,763500-5954000
764500.000000000000000,5954000.000000000000000,764500-5954000
765500.000000000000000,5954000.000000000000000,765500-5954000
766500.000000000000000,5954000.000000000000000,766500-5954000
767500.000000000000000,5954000.000000000000000,767500-5954000
762500.000000000000000,5953500.000000000000000,762500-5953500
763000.000000000000000,5953500.000000000000000,763000-5953500
763500.000000000000000,5953500.000000000000000,763500-5953500
764000.000000000000000,5953500.000000000000000,764000-5953500
764500.000000000000000,5953500.000000000000000,764500-5953500
765000.000000000000000,5953500.000000000000000,765000-5953500
765500.000000000000000,5953500.000000000000000,765500-5953500
766000.000000000000000,5953500.000000000000000,766000-5953500
766500.000000000000000,5953500.000000000000000,766500-5953500
767000.000000000000000,5953500.000000000000000,767000-5953500
767500.000000000000000,5953500.000000000000000,767500-5953500
768000.000000000000000,5953500.000000000000000,768000-5953500
762500.000000000000000,5953000.000000000000000,762500-5953000
763500.000000000000000,5953000.000000000000000,763500-5953000
764500.000000000000000,5953000.000000000000000,764500-5953000
765500.000000000000000,5953000.000000000000000,765500-5953000
766500.000000000000000,5953000.000000000000000,766500-5953000
762000.000000000000000,5952500.000000000000000,762000-5952500
762500.000000000000000,5952500.000000000000000,762500-5952500
763000.000000000000000,5952500.000000000000000,763000-5952500
763500.000000000000000,5952500.000000000000000,763500-5952500
764000.000000000000000,5952500.000000000000000,764000-5952500
764500.000000000000000,5952500.000000000000000,764500-5952500
765000.000000000000000,5952500.000000000000000,765000-5952500
765500.000000000000000,5952500.000000000000000,765500-5952500
766000.000000000000000,5952500.000000000000000,766000-5952500
767000.000000000000000,5952500.000000000000000,767000-5952500
762500.000000000000000,5952000.000000000000000,762500-5952000
763500.000000000000000,5952000.000000000000000,763500-5952000
764500.000000000000000,5952000.000000000000000,764500-5952000
765500.000000000000000,5952000.000000000000000,765500-5952000
762500.000000000000000,5951500.000000000000000,762500-5951500
763000.000000000000000,5951500.000000000000000,763000-5951500
764500.000000000000000,5951500.000000000000000,764500-5951500
765500.000000000000000,5951500.000000000000000,765500-5951500
766000.000000000000000,5951500.000000000000000,766000-5951500
766500.000000000000000,5951500.000000000000000,766500-5951500
762500.000000000000000,5951000.000000000000000,762500-5951000
763500.000000000000000,5951000.000000000000000,763500-5951000
764500.000000000000000,5951000.000000000000000,764500-5951000
765500.000000000000000,5951000.000000000000000,765500-5951000
766500.000000000000000,5951000.000000000000000,766500-5951000
767500.000000000000000,5951000.000000000000000,767500-5951000
763000.000000000000000,5950500.000000000000000,763000-5950500
764000.000000000000000,5950500.000000000000000,764000-5950500
764500.000000000000000,5950500.000000000000000,764500-5950500
765000.000000000000000,5950500.000000000000000,765000-5950500
765500.000000000000000,5950500.000000000000000,765500-5950500
766000.000000000000000,5950500.000000000000000,766000-5950500
766500.000000000000000,5950500.000000000000000,766500-5950500
767500.000000000000000,5950500.000000000000000,767500-5950500
768000.000000000000000,5950500.000000000000000,768000-5950500
763500.000000000000000,5950000.000000000000000,763500-5950000
764500.000000000000000,5950000.000000000000000,764500-5950000
765500.000000000000000,5950000.000000000000000,765500-5950000
766500.000000000000000,5950000.000000000000000,766500-5950000
767500.000000000000000,5950000.000000000000000,767500-5950000
762000.000000000000000,5949500.000000000000000,762000-5949500
762500.000000000000000,5949500.000000000000000,762500-5949500
763000.000000000000000,5949500.000000000000000,763000-5949500
763500.000000000000000,5949500.000000000000000,763500-5949500
764000.000000000000000,5949500.000000000000000,764000-5949500
765000.000000000000000,5949500.000000000000000,765000-5949500
765500.000000000000000,5949500.000000000000000,765500-5949500
766000.000000000000000,5949500.000000000000000,766000-5949500
766500.000000000000000,5949500.000000000000000,766500-5949500
767000.000000000000000,5949500.000000000000000,767000-5949500
767500.000000000000000,5949500.000000000000000,767500-5949500
768000.000000000000000,5949500.000000000000000,768000-5949500
761500.000000000000000,5949000.000000000000000,761500-5949000
762500.000000000000000,5949000.000000000000000,762500-5949000
763500.000000000000000,5949000.000000000000000,763500-5949000
764500.000000000000000,5949000.000000000000000,764500-5949000
765500.000000000000000,5949000.000000000000000,765500-5949000
766500.000000000000000,5949000.000000000000000,766500-5949000
767500.000000000000000,5949000.000000000000000,767500-5949000
761500.000000000000000,5948500.000000000000000,761500-5948500
762000.000000000000000,5948500.000000000000000,762000-5948500
762500.000000000000000,5948500.000000000000000,762500-5948500
763000.000000000000000,5948500.000000000000000,763000-5948500
763500.000000000000000,5948500.000000000000000,763500-5948500
764000.000000000000000,5948500.000000000000000,764000-5948500
764500.000000000000000,5948500.000000000000000,764500-5948500
765000.000000000000000,5948500.000000000000000,765000-5948500
765500.000000000000000,5948500.000000000000000,765500-5948500
766000.000000000000000,5948500.000000000000000,766000-5948500
766500.000000000000000,5948500.000000000000000,766500-5948500
767000.000000000000000,5948500.000000000000000,767000-5948500
767500.000000000000000,5948500.000000000000000,767500-5948500
768000.000000000000000,5948500.000000000000000,768000-5948500
760500.000000000000000,5948000.000000000000000,760500-5948000
761500.000000000000000,5948000.000000000000000,761500-5948000
762500.000000000000000,5948000.000000000000000,762500-5948000
763500.000000000000000,5948000.000000000000000,763500-5948000
764500.000000000000000,5948000.000000000000000,764500-5948000
765500.000000000000000,5948000.000000000000000,765500-5948000
766500.000000000000000,5948000.000000000000000,766500-5948000
767500.000000000000000,5948000.000000000000000,767500-5948000
760500.000000000000000,5947500.000000000000000,760500-5947500
761000.000000000000000,5947500.000000000000000,761000-5947500
761500.000000000000000,5947500.000000000000000,761500-5947500
762000.000000000000000,5947500.000000000000000,762000-5947500
762500.000000000000000,5947500.000000000000000,762500-5947500
763000.000000000000000,5947500.000000000000000,763000-5947500
763500.000000000000000,5947500.000000000000000,763500-5947500
764000.000000000000000,5947500.000000000000000,764000-5947500
764500.000000000000000,5947500.000000000000000,764500-5947500
765000.000000000000000,5947500.000000000000000,765000-5947500
765500.000000000000000,5947500.000000000000000,765500-5947500
766000.000000000000000,5947500.000000000000000,766000-5947500
766500.000000000000000,5947500.000000000000000,766500-5947500
767000.000000000000000,5947500.000000000000000,767000-5947500
767500.000000000000000,5947500.000000000000000,767500-5947500
760500.000000000000000,5947000.000000000000000,760500-5947000
761500.000000000000000,5947000.000000000000000,761500-5947000
762500.000000000000000,5947000.000000000000000,762500-5947000
763500.000000000000000,5947000.000000000000000,763500-5947000
764500.000000000000000,5947000.000000000000000,764500-5947000
765500.000000000000000,5947000.000000000000000,765500-5947000
766500.000000000000000,5947000.000000000000000,766500-5947000
760000.000000000000000,5946500.000000000000000,760000-5946500
760500.000000000000000,5946500.000000000000000,760500-5946500
761000.000000000000000,5946500.000000000000000,761000-5946500
761500.000000000000000,5946500.000000000000000,761500-5946500
762000.000000000000000,5946500.000000000000000,762000-5946500
762500.000000000000000,5946500.000000000000000,762500-5946500
763000.000000000000000,5946500.000000000000000,763000-5946500
763500.000000000000000,5946500.000000000000000,763500-5946500
764000.000000000000000,5946500.000000000000000,764000-5946500
764500.000000000000000,5946500.000000000000000,764500-5946500
765000.000000000000000,5946500.000000000000000,765000-5946500
765500.000000000000000,5946500.000000000000000,765500-5946500
766500.000000000000000,5946500.000000000000000,766500-5946500
760500.000000000000000,5946000.000000000000000,760500-5946000
761500.000000000000000,5946000.000000000000000,761500-5946000
762500.000000000000000,5946000.000000000000000,762500-5946000
763500.000000000000000,5946000.000000000000000,763500-5946000
764500.000000000000000,5946000.000000000000000,764500-5946000
760000.000000000000000,5945500.000000000000000,760000-5945500
760500.000000000000000,5945500.000000000000000,760500-5945500
761000.000000000000000,5945500.000000000000000,761000-5945500
761500.000000000000000,5945500.000000000000000,761500-5945500
762000.000000000000000,5945500.000000000000000,762000-5945500
762500.000000000000000,5945500.000000000000000,762500-5945500
763000.000000000000000,5945500.000000000000000,763000-5945500
763500.000000000000000,5945500.000000000000000,763500-5945500
764000.000000000000000,5945500.000000000000000,764000-5945500
764500.000000000000000,5945500.000000000000000,764500-5945500
760500.000000000000000,5945000.000000000000000,760500-5945000
761500.000000000000000,5945000.000000000000000,761500-5945000
762500.000000000000000,5945000.000000000000000,762500-5945000
763500.000000000000000,5945000.000000000000000,763500-5945000
764500.000000000000000,5945000.000000000000000,764500-5945000
760500.000000000000000,5944500.000000000000000,760500-5944500
761000.000000000000000,5944500.000000000000000,761000-5944500
761500.000000000000000,5944500.000000000000000,761500-5944500
762000.000000000000000,5944500.000000000000000,762000-5944500
762500.000000000000000,5944500.000000000000000,762500-5944500
763000.000000000000000,5944500.000000000000000,763000-5944500
763500.000000000000000,5944500.000000000000000,763500-5944500
764000.000000000000000,5944500.000000000000000,764000-5944500
761500.000000000000000,5944000.000000000000000,761500-5944000
762500.000000000000000,5944000.000000000000000,762500-5944000
763500.000000000000000,5944000.000000000000000,763500-5944000
761000.000000000000000,5943500.000000000000000,761000-5943500
761500.000000000000000,5943500.000000000000000,761500-5943500
762000.000000000000000,5943500.000000000000000,762000-5943500
762500.000000000000000,5943500.000000000000000,762500-5943500
763000.000000000000000,5943500.000000000000000,763000-5943500
763500.000000000000000,5943500.000000000000000,763500-5943500
761500.000000000000000,5943000.000000000000000,761500-5943000
762500.000000000000000,5943000.000000000000000,762500-5943000
763500.000000000000000,5943000.000000000000000,763500-5943000
761500.000000000000000,5942500.000000000000000,761500-5942500
762500.000000000000000,5942500.000000000000000,762500-5942500
763000.000000000000000,5942500.000000000000000,763000-5942500
763500.000000000000000,5942500.000000000000000,763500-5942500
763500.000000000000000,5942000.000000000000000,763500-5942000
761500.000000000000000,5942000.000000000000000,761500-5942000
761000.000000000000000,5941500.000000000000000,761000-5941500
761500.000000000000000,5941500.000000000000000,761500-5941500
762000.000000000000000,5941500.000000000000000,762000-5941500
762500.000000000000000,5941500.000000000000000,762500-5941500
763000.000000000000000,5941500.000000000000000,763000-5941500
763500.000000000000000,5941500.000000000000000,763500-5941500
761500.000000000000000,5941000.000000000000000,761500-5941000
762500.000000000000000,5941000.000000000000000,762500-5941000
763500.000000000000000,5941000.000000000000000,763500-5941000
761500.000000000000000,5940500.000000000000000,761500-5940500
762000.000000000000000,5940500.000000000000000,762000-5940500
762500.000000000000000,5940500.000000000000000,762500-5940500
763000.000000000000000,5940500.000000000000000,763000-5940500
764000.000000000000000,5940500.000000000000000,764000-5940500
764500.000000000000000,5940500.000000000000000,764500-5940500
765000.000000000000000,5940500.000000000000000,765000-5940500
760500.000000000000000,5940000.000000000000000,760500-5940000
761500.000000000000000,5940000.000000000000000,761500-5940000
762500.000000000000000,5940000.000000000000000,762500-5940000
763500.000000000000000,5940000.000000000000000,763500-5940000
766500.000000000000000,5940000.000000000000000,766500-5940000
760500.000000000000000,5939500.000000000000000,760500-5939500
761000.000000000000000,5939500.000000000000000,761000-5939500
761500.000000000000000,5939500.000000000000000,761500-5939500
762000.000000000000000,5939500.000000000000000,762000-5939500
762500.000000000000000,5939500.000000000000000,762500-5939500
763000.000000000000000,5939500.000000000000000,763000-5939500
763500.000000000000000,5939500.000000000000000,763500-5939500
764000.000000000000000,5939500.000000000000000,764000-5939500
764500.000000000000000,5939500.000000000000000,764500-5939500
765000.000000000000000,5939500.000000000000000,765000-5939500
765500.000000000000000,5939500.000000000000000,765500-5939500
766500.000000000000000,5939500.000000000000000,766500-5939500
767000.000000000000000,5939500.000000000000000,767000-5939500
767500.000000000000000,5939500.000000000000000,767500-5939500
760500.000000000000000,5939000.000000000000000,760500-5939000
761500.000000000000000,5939000.000000000000000,761500-5939000
762500.000000000000000,5939000.000000000000000,762500-5939000
763500.000000000000000,5939000.000000000000000,763500-5939000
764500.000000000000000,5939000.000000000000000,764500-5939000
765500.000000000000000,5939000.000000000000000,765500-5939000
766500.000000000000000,5939000.000000000000000,766500-5939000
767500.000000000000000,5939000.000000000000000,767500-5939000
760500.000000000000000,5938500.000000000000000,760500-5938500
761000.000000000000000,5938500.000000000000000,761000-5938500
761500.000000000000000,5938500.000000000000000,761500-5938500
762000.000000000000000,5938500.000000000000000,762000-5938500
762500.000000000000000,5938500.000000000000000,762500-5938500
763000.000000000000000,5938500.000000000000000,763000-5938500
763500.000000000000000,5938500.000000000000000,763500-5938500
764000.000000000000000,5938500.000000000000000,764000-5938500
764500.000000000000000,5938500.000000000000000,764500-5938500
765000.000000000000000,5938500.000000000000000,765000-5938500
765500.000000000000000,5938500.000000000000000,765500-5938500
766000.000000000000000,5938500.000000000000000,766000-5938500
766500.000000000000000,5938500.000000000000000,766500-5938500
767000.000000000000000,5938500.000000000000000,767000-5938500
767500.000000000000000,5938500.000000000000000,767500-5938500
760500.000000000000000,5938000.000000000000000,760500-5938000
761500.000000000000000,5938000.000000000000000,761500-5938000
762500.000000000000000,5938000.000000000000000,762500-5938000
763500.000000000000000,5938000.000000000000000,763500-5938000
764500.000000000000000,5938000.000000000000000,764500-5938000
765500.000000000000000,5938000.000000000000000,765500-5938000
766500.000000000000000,5938000.000000000000000,766500-5938000
767500.000000000000000,5938000.000000000000000,767500-5938000
760000.000000000000000,5937500.000000000000000,760000-5937500
760500.000000000000000,5937500.000000000000000,760500-5937500
761000.000000000000000,5937500.000000000000000,761000-5937500
761500.000000000000000,5937500.000000000000000,761500-5937500
762000.000000000000000,5937500.000000000000000,762000-5937500
762500.000000000000000,5937500.000000000000000,762500-5937500
763000.000000000000000,5937500.000000000000000,763000-5937500
763500.000000000000000,5937500.000000000000000,763500-5937500
764000.000000000000000,5937500.000000000000000,764000-5937500
764500.000000000000000,5937500.000000000000000,764500-5937500
765000.000000000000000,5937500.000000000000000,765000-5937500
765500.000000000000000,5937500.000000000000000,765500-5937500
766000.000000000000000,5937500.000000000000000,766000-5937500
766500.000000000000000,5937500.000000000000000,766500-5937500
760500.000000000000000,5937000.000000000000000,760500-5937000
761500.000000000000000,5937000.000000000000000,761500-5937000
762500.000000000000000,5937000.000000000000000,762500-5937000
763500.000000000000000,5937000.000000000000000,763500-5937000
764500.000000000000000,5937000.000000000000000,764500-5937000
759500.000000000000000,5936500.000000000000000,759500-5936500
760000.000000000000000,5936500.000000000000000,760000-5936500
760500.000000000000000,5936500.000000000000000,760500-5936500
761000.000000000000000,5936500.000000000000000,761000-5936500
761500.000000000000000,5936500.000000000000000,761500-5936500
762000.000000000000000,5936500.000000000000000,762000-5936500
762500.000000000000000,5936500.000000000000000,762500-5936500
763000.000000000000000,5936500.000000000000000,763000-5936500
763500.000000000000000,5936500.000000000000000,763500-5936500
764000.000000000000000,5936500.000000000000000,764000-5936500
764500.000000000000000,5936500.000000000000000,764500-5936500
759500.000000000000000,5936000.000000000000000,759500-5936000
760500.000000000000000,5936000.000000000000000,760500-5936000
761500.000000000000000,5936000.000000000000000,761500-5936000
762500.000000000000000,5936000.000000000000000,762500-5936000
763500.000000000000000,5936000.000000000000000,763500-5936000
760000.000000000000000,5935500.000000000000000,760000-5935500
760500.000000000000000,5935500.000000000000000,760500-5935500
761000.000000000000000,5935500.000000000000000,761000-5935500
761500.000000000000000,5935500.000000000000000,761500-5935500
762000.000000000000000,5935500.000000000000000,762000-5935500
762500.000000000000000,5935500.000000000000000,762500-5935500
763000.000000000000000,5935500.000000000000000,763000-5935500
763500.000000000000000,5935500.000000000000000,763500-5935500
764000.000000000000000,5935500.000000000000000,764000-5935500
760500.000000000000000,5935000.000000000000000,760500-5935000
761500.000000000000000,5935000.000000000000000,761500-5935000
762500.000000000000000,5935000.000000000000000,762500-5935000
763500.000000000000000,5935000.000000000000000,763500-5935000
760500.000000000000000,5934500.000000000000000,760500-5934500
761000.000000000000000,5934500.000000000000000,761000-5934500
761500.000000000000000,5934500.000000000000000,761500-5934500
762000.000000000000000,5934500.000000000000000,762000-5934500
762500.000000000000000,5934500.000000000000000,762500-5934500
762500.000000000000000,5934000.000000000000000,762500-5934000
764500.000000000000000,5940000.000000000000000,764500-5940000
767500.000000000000000,5960500.000000000000000,767500-5960500
768000.000000000000000,5960500.000000000000000,768000-5960500
763000.000000000000000,5960000.000000000000000,763000-5960000
767500.000000000000000,5960000.000000000000000,767500-5960000
768000.000000000000000,5960000.000000000000000,768000-5960000
763000.000000000000000,5959500.000000000000000,763000-5959500
763500.000000000000000,5959500.000000000000000,763500-5959500
767500.000000000000000,5959500.000000000000000,767500-5959500
763000.000000000000000,5959000.000000000000000,763000-5959000
763500.000000000000000,5959000.000000000000000,763500-5959000
767000.000000000000000,5959000.000000000000000,767000-5959000
767000.000000000000000,5947500.000000000000000,767000-5947500
767500.000000000000000,5947500.000000000000000,767500-5947500
768000.000000000000000,5947500.000000000000000,768000-5947500
767000.000000000000000,5947000.000000000000000,767000-5947000
765500.000000000000000,5939500.000000000000000,765500-5939500
760000.000000000000000,5935000.000000000000000,760000-5935000
760500.000000000000000,5935000.000000000000000,760500-5935000
760000.000000000000000,5934500.000000000000000,760000-5934500
760500.000000000000000,5934500.000000000000000,760500-5934500
759000.000000000000000,5966000.000000000000000,759000-5966000
760000.000000000000000,5966000.000000000000000,760000-5966000
767000.000000000000000,5966000.000000000000000,767000-5966000
760000.000000000000000,5965000.000000000000000,760000-5965000
767000.000000000000000,5965000.000000000000000,767000-5965000
768000.000000000000000,5965000.000000000000000,768000-5965000
760000.000000000000000,5964000.000000000000000,760000-5964000
766000.000000000000000,5964000.000000000000000,766000-5964000
768000.000000000000000,5964000.000000000000000,768000-5964000
759000.000000000000000,5963000.000000000000000,759000-5963000
760000.000000000000000,5963000.000000000000000,760000-5963000
761000.000000000000000,5963000.000000000000000,761000-5963000
762000.000000000000000,5963000.000000000000000,762000-5963000
763000.000000000000000,5963000.000000000000000,763000-5963000
764000.000000000000000,5963000.000000000000000,764000-5963000
765000.000000000000000,5963000.000000000000000,765000-5963000
766000.000000000000000,5963000.000000000000000,766000-5963000
767000.000000000000000,5963000.000000000000000,767000-5963000
768000.000000000000000,5963000.000000000000000,768000-5963000
764000.000000000000000,5962000.000000000000000,764000-5962000
765000.000000000000000,5962000.000000000000000,765000-5962000
766000.000000000000000,5962000.000000000000000,766000-5962000
767000.000000000000000,5962000.000000000000000,767000-5962000
768000.000000000000000,5962000.000000000000000,768000-5962000
764000.000000000000000,5961000.000000000000000,764000-5961000
765000.000000000000000,5961000.000000000000000,765000-5961000
766000.000000000000000,5961000.000000000000000,766000-5961000
767000.000000000000000,5961000.000000000000000,767000-5961000
768000.000000000000000,5961000.000000000000000,768000-5961000
762000.000000000000000,5960000.000000000000000,762000-5960000
763000.000000000000000,5960000.000000000000000,763000-5960000
764000.000000000000000,5960000.000000000000000,764000-5960000
765000.000000000000000,5960000.000000000000000,765000-5960000
766000.000000000000000,5960000.000000000000000,766000-5960000
767000.000000000000000,5960000.000000000000000,767000-5960000
768000.000000000000000,5960000.000000000000000,768000-5960000
763000.000000000000000,5959000.000000000000000,763000-5959000
764000.000000000000000,5959000.000000000000000,764000-5959000
765000.000000000000000,5959000.000000000000000,765000-5959000
766000.000000000000000,5959000.000000000000000,766000-5959000
767000.000000000000000,5959000.000000000000000,767000-5959000
768000.000000000000000,5959000.000000000000000,768000-5959000
763000.000000000000000,5958000.000000000000000,763000-5958000
764000.000000000000000,5958000.000000000000000,764000-5958000
765000.000000000000000,5958000.000000000000000,765000-5958000
766000.000000000000000,5958000.000000000000000,766000-5958000
767000.000000000000000,5958000.000000000000000,767000-5958000
768000.000000000000000,5958000.000000000000000,768000-5958000
763000.000000000000000,5957000.000000000000000,763000-5957000
764000.000000000000000,5957000.000000000000000,764000-5957000
765000.000000000000000,5957000.000000000000000,765000-5957000
766000.000000000000000,5957000.000000000000000,766000-5957000
767000.000000000000000,5957000.000000000000000,767000-5957000
768000.000000000000000,5957000.000000000000000,768000-5957000
763000.000000000000000,5956000.000000000000000,763000-5956000
764000.000000000000000,5956000.000000000000000,764000-5956000
765000.000000000000000,5956000.000000000000000,765000-5956000
766000.000000000000000,5956000.000000000000000,766000-5956000
767000.000000000000000,5956000.000000000000000,767000-5956000
768000.000000000000000,5956000.000000000000000,768000-5956000
763000.000000000000000,5955000.000000000000000,763000-5955000
764000.000000000000000,5955000.000000000000000,764000-5955000
765000.000000000000000,5955000.000000000000000,765000-5955000
766000.000000000000000,5955000.000000000000000,766000-5955000
767000.000000000000000,5955000.000000000000000,767000-5955000
768000.000000000000000,5955000.000000000000000,768000-5955000
764000.000000000000000,5954000.000000000000000,764000-5954000
765000.000000000000000,5954000.000000000000000,765000-5954000
766000.000000000000000,5954000.000000000000000,766000-5954000
767000.000000000000000,5954000.000000000000000,767000-5954000
768000.000000000000000,5954000.000000000000000,768000-5954000
763000.000000000000000,5953000.000000000000000,763000-5953000
764000.000000000000000,5953000.000000000000000,764000-5953000
765000.000000000000000,5953000.000000000000000,765000-5953000
766000.000000000000000,5953000.000000000000000,766000-5953000
767000.000000000000000,5953000.000000000000000,767000-5953000
768000.000000000000000,5953000.000000000000000,768000-5953000
763000.000000000000000,5952000.000000000000000,763000-5952000
764000.000000000000000,5952000.000000000000000,764000-5952000
765000.000000000000000,5952000.000000000000000,765000-5952000
766000.000000000000000,5952000.000000000000000,766000-5952000
763000.000000000000000,5951000.000000000000000,763000-5951000
766000.000000000000000,5951000.000000000000000,766000-5951000
768000.000000000000000,5951000.000000000000000,768000-5951000
764000.000000000000000,5950000.000000000000000,764000-5950000
765000.000000000000000,5950000.000000000000000,765000-5950000
766000.000000000000000,5950000.000000000000000,766000-5950000
767000.000000000000000,5950000.000000000000000,767000-5950000
768000.000000000000000,5950000.000000000000000,768000-5950000
762000.000000000000000,5949000.000000000000000,762000-5949000
763000.000000000000000,5949000.000000000000000,763000-5949000
764000.000000000000000,5949000.000000000000000,764000-5949000
765000.000000000000000,5949000.000000000000000,765000-5949000
766000.000000000000000,5949000.000000000000000,766000-5949000
767000.000000000000000,5949000.000000000000000,767000-5949000
768000.000000000000000,5949000.000000000000000,768000-5949000
761000.000000000000000,5948000.000000000000000,761000-5948000
762000.000000000000000,5948000.000000000000000,762000-5948000
763000.000000000000000,5948000.000000000000000,763000-5948000
764000.000000000000000,5948000.000000000000000,764000-5948000
765000.000000000000000,5948000.000000000000000,765000-5948000
766000.000000000000000,5948000.000000000000000,766000-5948000
767000.000000000000000,5948000.000000000000000,767000-5948000
768000.000000000000000,5948000.000000000000000,768000-5948000
760000.000000000000000,5947000.000000000000000,760000-5947000
761000.000000000000000,5947000.000000000000000,761000-5947000
762000.000000000000000,5947000.000000000000000,762000-5947000
763000.000000000000000,5947000.000000000000000,763000-5947000
764000.000000000000000,5947000.000000000000000,764000-5947000
765000.000000000000000,5947000.000000000000000,765000-5947000
766000.000000000000000,5947000.000000000000000,766000-5947000
768000.000000000000000,5947000.000000000000000,768000-5947000
760000.000000000000000,5946000.000000000000000,760000-5946000
761000.000000000000000,5946000.000000000000000,761000-5946000
762000.000000000000000,5946000.000000000000000,762000-5946000
763000.000000000000000,5946000.000000000000000,763000-5946000
764000.000000000000000,5946000.000000000000000,764000-5946000
765000.000000000000000,5946000.000000000000000,765000-5946000
761000.000000000000000,5945000.000000000000000,761000-5945000
762000.000000000000000,5945000.000000000000000,762000-5945000
763000.000000000000000,5945000.000000000000000,763000-5945000
764000.000000000000000,5945000.000000000000000,764000-5945000
761000.000000000000000,5944000.000000000000000,761000-5944000
762000.000000000000000,5944000.000000000000000,762000-5944000
763000.000000000000000,5944000.000000000000000,763000-5944000
764000.000000000000000,5944000.000000000000000,764000-5944000
761000.000000000000000,5943000.000000000000000,761000-5943000
763000.000000000000000,5943000.000000000000000,763000-5943000
761000.000000000000000,5942000.000000000000000,761000-5942000
762000.000000000000000,5942000.000000000000000,762000-5942000
763000.000000000000000,5942000.000000000000000,763000-5942000
762000.000000000000000,5941000.000000000000000,762000-5941000
763000.000000000000000,5941000.000000000000000,763000-5941000
761000.000000000000000,5940000.000000000000000,761000-5940000
762000.000000000000000,5940000.000000000000000,762000-5940000
763000.000000000000000,5940000.000000000000000,763000-5940000
764000.000000000000000,5940000.000000000000000,764000-5940000
765000.000000000000000,5940000.000000000000000,765000-5940000
767000.000000000000000,5940000.000000000000000,767000-5940000
761000.000000000000000,5939000.000000000000000,761000-5939000
762000.000000000000000,5939000.000000000000000,762000-5939000
763000.000000000000000,5939000.000000000000000,763000-5939000
764000.000000000000000,5939000.000000000000000,764000-5939000
765000.000000000000000,5939000.000000000000000,765000-5939000
766000.000000000000000,5939000.000000000000000,766000-5939000
767000.000000000000000,5939000.000000000000000,767000-5939000
760000.000000000000000,5938000.000000000000000,760000-5938000
761000.000000000000000,5938000.000000000000000,761000-5938000
762000.000000000000000,5938000.000000000000000,762000-5938000
763000.000000000000000,5938000.000000000000000,763000-5938000
764000.000000000000000,5938000.000000000000000,764000-5938000
765000.000000000000000,5938000.000000000000000,765000-5938000
766000.000000000000000,5938000.000000000000000,766000-5938000
767000.000000000000000,5938000.000000000000000,767000-5938000
760000.000000000000000,5937000.000000000000000,760000-5937000
761000.000000000000000,5937000.000000000000000,761000-5937000
762000.000000000000000,5937000.000000000000000,762000-5937000
763000.000000000000000,5937000.000000000000000,763000-5937000
764000.000000000000000,5937000.000000000000000,764000-5937000
765000.000000000000000,5937000.000000000000000,765000-5937000
760000.000000000000000,5936000.000000000000000,760000-5936000
761000.000000000000000,5936000.000000000000000,761000-5936000
762000.000000000000000,5936000.000000000000000,762000-5936000
763000.000000000000000,5936000.000000000000000,763000-5936000
764000.000000000000000,5936000.000000000000000,764000-5936000
761000.000000000000000,5935000.000000000000000,761000-5935000
762000.000000000000000,5935000.000000000000000,762000-5935000
764000.000000000000000,5935000.000000000000000,764000-5935000
762000.000000000000000,5934000.000000000000000,762000-5934000
767000.000000000000000,5964000.000000000000000,767000-5964000
768500.000000000000000,5951000.000000000000000,768500-5951000
768500.000000000000000,5947500.000000000000000,768500-5947500
768500.000000000000000,5948000.000000000000000,768500-5948000
768500.000000000000000,5948500.000000000000000,768500-5948500
768500.000000000000000,5949000.000000000000000,768500-5949000
768500.000000000000000,5949500.000000000000000,768500-5949500
768500.000000000000000,5950000.000000000000000,768500-5950000
768500.000000000000000,5950500.000000000000000,768500-5950500
768500.000000000000000,5953500.000000000000000,768500-5953500
768500.000000000000000,5954000.000000000000000,768500-5954000
768500.000000000000000,5954500.000000000000000,768500-5954500
768500.000000000000000,5955000.000000000000000,768500-5955000
768500.000000000000000,5955500.000000000000000,768500-5955500
768500.000000000000000,5956000.000000000000000,768500-5956000
768500.000000000000000,5956500.000000000000000,768500-5956500
768500.000000000000000,5957000.000000000000000,768500-5957000
768500.000000000000000,5957500.000000000000000,768500-5957500
768500.000000000000000,5958000.000000000000000,768500-5958000
768500.000000000000000,5958500.000000000000000,768500-5958500
768500.000000000000000,5959000.000000000000000,768500-5959000
768500.000000000000000,5959500.000000000000000,768500-5959500
768500.000000000000000,5960000.000000000000000,768500-5960000
768500.000000000000000,5960500.000000000000000,768500-5960500
768500.000000000000000,5961000.000000000000000,768500-5961000
768500.000000000000000,5961500.000000000000000,768500-5961500
768500.000000000000000,5962000.000000000000000,768500-5962000
768500.000000000000000,5962500.000000000000000,768500-5962500
768500.000000000000000,5963000.000000000000000,768500-5963000
768500.000000000000000,5963500.000000000000000,768500-5963500
768500.000000000000000,5964000.000000000000000,768500-5964000
768500.000000000000000,5964500.000000000000000,768500-5964500
768500.000000000000000,5965000.000000000000000,768500-5965000
769000.000000000000000,5946500.000000000000000,769000-5946500
769000.000000000000000,5948000.000000000000000,769000-5948000
769000.000000000000000,5948500.000000000000000,769000-5948500
769000.000000000000000,5949000.000000000000000,769000-5949000
769000.000000000000000,5949500.000000000000000,769000-5949500
769000.000000000000000,5950000.000000000000000,769000-5950000
769000.000000000000000,5950500.000000000000000,769000-5950500
769000.000000000000000,5951000.000000000000000,769000-5951000
769000.000000000000000,5951500.000000000000000,769000-5951500
769000.000000000000000,5954000.000000000000000,769000-5954000
769000.000000000000000,5954500.000000000000000,769000-5954500
769000.000000000000000,5955000.000000000000000,769000-5955000
769000.000000000000000,5955500.000000000000000,769000-5955500
769000.000000000000000,5956000.000000000000000,769000-5956000
769000.000000000000000,5956500.000000000000000,769000-5956500
769000.000000000000000,5957000.000000000000000,769000-5957000
769000.000000000000000,5957500.000000000000000,769000-5957500
769000.000000000000000,5958000.000000000000000,769000-5958000
769000.000000000000000,5958500.000000000000000,769000-5958500
769000.000000000000000,5959000.000000000000000,769000-5959000
769000.000000000000000,5959500.000000000000000,769000-5959500
769000.000000000000000,5960000.000000000000000,769000-5960000
769000.000000000000000,5960500.000000000000000,769000-5960500
769000.000000000000000,5961000.000000000000000,769000-5961000
769000.000000000000000,5961500.000000000000000,769000-5961500
769000.000000000000000,5962000.000000000000000,769000-5962000
769000.000000000000000,5962500.000000000000000,769000-5962500
769000.000000000000000,5963000.000000000000000,769000-5963000
769000.000000000000000,5963500.000000000000000,769000-5963500
769000.000000000000000,5964000.000000000000000,769000-5964000
769000.000000000000000,5964500.000000000000000,769000-5964500
769000.000000000000000,5965000.000000000000000,769000-5965000
769000.000000000000000,5965500.000000000000000,769000-5965500
770000.000000000000000,5947500.000000000000000,770000-5947500
770000.000000000000000,5948000.000000000000000,770000-5948000
770000.000000000000000,5948500.000000000000000,770000-5948500
770000.000000000000000,5949000.000000000000000,770000-5949000
770000.000000000000000,5949500.000000000000000,770000-5949500
770000.000000000000000,5950000.000000000000000,770000-5950000
770000.000000000000000,5950500.000000000000000,770000-5950500
770000.000000000000000,5951500.000000000000000,770000-5951500
770000.000000000000000,5951000.000000000000000,770000-5951000
770000.000000000000000,5952000.000000000000000,770000-5952000
770000.000000000000000,5952500.000000000000000,770000-5952500
770000.000000000000000,5954500.000000000000000,770000-5954500
770000.000000000000000,5955000.000000000000000,770000-5955000
770000.000000000000000,5955500.000000000000000,770000-5955500
770000.000000000000000,5956000.000000000000000,770000-5956000
770000.000000000000000,5956500.000000000000000,770000-5956500
770000.000000000000000,5957000.000000000000000,770000-5957000
770000.000000000000000,5958000.000000000000000,770000-5958000
770000.000000000000000,5958500.000000000000000,770000-5958500
770000.000000000000000,5959000.000000000000000,770000-5959000
770000.000000000000000,5959500.000000000000000,770000-5959500
770000.000000000000000,5960000.000000000000000,770000-5960000
770000.000000000000000,5960500.000000000000000,770000-5960500
770000.000000000000000,5961000.000000000000000,770000-5961000
770000.000000000000000,5961500.000000000000000,770000-5961500
770000.000000000000000,5962000.000000000000000,770000-5962000
770000.000000000000000,5962500.000000000000000,770000-5962500
770000.000000000000000,5963000.000000000000000,770000-5963000
770000.000000000000000,5963500.000000000000000,770000-5963500
770000.000000000000000,5964000.000000000000000,770000-5964000
770000.000000000000000,5965000.000000000000000,770000-5965000
770500.000000000000000,5947000.000000000000000,770500-5947000
770500.000000000000000,5947500.000000000000000,770500-5947500
770500.000000000000000,5948000.000000000000000,770500-5948000
770500.000000000000000,5948500.000000000000000,770500-5948500
770500.000000000000000,5949000.000000000000000,770500-5949000
770500.000000000000000,5949500.000000000000000,770500-5949500
770500.000000000000000,5950000.000000000000000,770500-5950000
770500.000000000000000,5950500.000000000000000,770500-5950500
770500.000000000000000,5951000.000000000000000,770500-5951000
770500.000000000000000,5951500.000000000000000,770500-5951500
770500.000000000000000,5952000.000000000000000,770500-5952000
770500.000000000000000,5952500.000000000000000,770500-5952500
771000.000000000000000,5953000.000000000000000,771000-5953000
770500.000000000000000,5955500.000000000000000,770500-5955500
770500.000000000000000,5956000.000000000000000,770500-5956000
770500.000000000000000,5956500.000000000000000,770500-5956500
770500.000000000000000,5960000.000000000000000,770500-5960000
770500.000000000000000,5960500.000000000000000,770500-5960500
770500.000000000000000,5961000.000000000000000,770500-5961000
770500.000000000000000,5961500.000000000000000,770500-5961500
770500.000000000000000,5962000.000000000000000,770500-5962000
770500.000000000000000,5962500.000000000000000,770500-5962500
770500.000000000000000,5963000.000000000000000,770500-5963000
770500.000000000000000,5963500.000000000000000,770500-5963500
770500.000000000000000,5964000.000000000000000,770500-5964000
770500.000000000000000,5964500.000000000000000,770500-5964500
771000.000000000000000,5947000.000000000000000,771000-5947000
771000.000000000000000,5947500.000000000000000,771000-5947500
771000.000000000000000,5948000.000000000000000,771000-5948000
771000.000000000000000,5948500.000000000000000,771000-5948500
771000.000000000000000,5949000.000000000000000,771000-5949000
771000.000000000000000,5949500.000000000000000,771000-5949500
771000.000000000000000,5950000.000000000000000,771000-5950000
771000.000000000000000,5951000.000000000000000,771000-5951000
771000.000000000000000,5952000.000000000000000,771000-5952000
771000.000000000000000,5952500.000000000000000,771000-5952500
770500.000000000000000,5953000.000000000000000,770500-5953000
771000.000000000000000,5956000.000000000000000,771000-5956000
771000.000000000000000,5956500.000000000000000,771000-5956500
771000.000000000000000,5959000.000000000000000,771000-5959000
771000.000000000000000,5959500.000000000000000,771000-5959500
771000.000000000000000,5960000.000000000000000,771000-5960000
771000.000000000000000,5960500.000000000000000,771000-5960500
771000.000000000000000,5961000.000000000000000,771000-5961000
771000.000000000000000,5961500.000000000000000,771000-5961500
771000.000000000000000,5962000.000000000000000,771000-5962000
771000.000000000000000,5962500.000000000000000,771000-5962500
771000.000000000000000,5963000.000000000000000,771000-5963000
771000.000000000000000,5963500.000000000000000,771000-5963500
771000.000000000000000,5964000.000000000000000,771000-5964000
771000.000000000000000,5964500.000000000000000,771000-5964500
771000.000000000000000,5965000.000000000000000,771000-5965000
771500.000000000000000,5947000.000000000000000,771500-5947000
771500.000000000000000,5947500.000000000000000,771500-5947500
771500.000000000000000,5948000.000000000000000,771500-5948000
771500.000000000000000,5948500.000000000000000,771500-5948500
771500.000000000000000,5949000.000000000000000,771500-5949000
771500.000000000000000,5949500.000000000000000,771500-5949500
771500.000000000000000,5950000.000000000000000,771500-5950000
771500.000000000000000,5952000.000000000000000,771500-5952000
771500.000000000000000,5952500.000000000000000,771500-5952500
771500.000000000000000,5953000.000000000000000,771500-5953000
771500.000000000000000,5955500.000000000000000,771500-5955500
771500.000000000000000,5956000.000000000000000,771500-5956000
771500.000000000000000,5956500.000000000000000,771500-5956500
771500.000000000000000,5957000.000000000000000,771500-5957000
771500.000000000000000,5957500.000000000000000,771500-5957500
771500.000000000000000,5959500.000000000000000,771500-5959500
771500.000000000000000,5960000.000000000000000,771500-5960000
771500.000000000000000,5960500.000000000000000,771500-5960500
771500.000000000000000,5961000.000000000000000,771500-5961000
771500.000000000000000,5961500.000000000000000,771500-5961500
771500.000000000000000,5962000.000000000000000,771500-5962000
771500.000000000000000,5962500.000000000000000,771500-5962500
771500.000000000000000,5963000.000000000000000,771500-5963000
771500.000000000000000,5963500.000000000000000,771500-5963500
771500.000000000000000,5964000.000000000000000,771500-5964000
771500.000000000000000,5964500.000000000000000,771500-5964500
772000.000000000000000,5947000.000000000000000,772000-5947000
772000.000000000000000,5947500.000000000000000,772000-5947500
772000.000000000000000,5948000.000000000000000,772000-5948000
772000.000000000000000,5948500.000000000000000,772000-5948500
772500.000000000000000,5949000.000000000000000,772500-5949000
772000.000000000000000,5949500.000000000000000,772000-5949500
772000.000000000000000,5952000.000000000000000,772000-5952000
772000.000000000000000,5952500.000000000000000,772000-5952500
772000.000000000000000,5953500.000000000000000,772000-5953500
772000.000000000000000,5955000.000000000000000,772000-5955000
772000.000000000000000,5955500.000000000000000,772000-5955500
772000.000000000000000,5956000.000000000000000,772000-5956000
772000.000000000000000,5956500.000000000000000,772000-5956500
772000.000000000000000,5957500.000000000000000,772000-5957500
772000.000000000000000,5959500.000000000000000,772000-5959500
772000.000000000000000,5960000.000000000000000,772000-5960000
772000.000000000000000,5960500.000000000000000,772000-5960500
772000.000000000000000,5961000.000000000000000,772000-5961000
772000.000000000000000,5961500.000000000000000,772000-5961500
772000.000000000000000,5962000.000000000000000,772000-5962000
772000.000000000000000,5962500.000000000000000,772000-5962500
772000.000000000000000,5963000.000000000000000,772000-5963000
772000.000000000000000,5963500.000000000000000,772000-5963500
772000.000000000000000,5964000.000000000000000,772000-5964000
772500.000000000000000,5947000.000000000000000,772500-5947000
772500.000000000000000,5947500.000000000000000,772500-5947500
772500.000000000000000,5948000.000000000000000,772500-5948000
772500.000000000000000,5948500.000000000000000,772500-5948500
772500.000000000000000,5955500.000000000000000,772500-5955500
772500.000000000000000,5959000.000000000000000,772500-5959000
772500.000000000000000,5959500.000000000000000,772500-5959500
772500.000000000000000,5960000.000000000000000,772500-5960000
772500.000000000000000,5961000.000000000000000,772500-5961000
772500.000000000000000,5961500.000000000000000,772500-5961500
772500.000000000000000,5962000.000000000000000,772500-5962000
772500.000000000000000,5962500.000000000000000,772500-5962500
772500.000000000000000,5963000.000000000000000,772500-5963000
772500.000000000000000,5963500.000000000000000,772500-5963500
769500.000000000000000,5947500.000000000000000,769500-5947500
769500.000000000000000,5948000.000000000000000,769500-5948000
769500.000000000000000,5948500.000000000000000,769500-5948500
769500.000000000000000,5949000.000000000000000,769500-5949000
769500.000000000000000,5949500.000000000000000,769500-5949500
769500.000000000000000,5950000.000000000000000,769500-5950000
769500.000000000000000,5950500.000000000000000,769500-5950500
769500.000000000000000,5951000.000000000000000,769500-5951000
769500.000000000000000,5951500.000000000000000,769500-5951500
769500.000000000000000,5954000.000000000000000,769500-5954000
769500.000000000000000,5954500.000000000000000,769500-5954500
769500.000000000000000,5955000.000000000000000,769500-5955000
769500.000000000000000,5955500.000000000000000,769500-5955500
769500.000000000000000,5956000.000000000000000,769500-5956000
769500.000000000000000,5956500.000000000000000,769500-5956500
769500.000000000000000,5957000.000000000000000,769500-5957000
769500.000000000000000,5957500.000000000000000,769500-5957500
769500.000000000000000,5958000.000000000000000,769500-5958000
769500.000000000000000,5958500.000000000000000,769500-5958500
769500.000000000000000,5959000.000000000000000,769500-5959000
769500.000000000000000,5959500.000000000000000,769500-5959500
769500.000000000000000,5960000.000000000000000,769500-5960000
769500.000000000000000,5960500.000000000000000,769500-5960500
769500.000000000000000,5961000.000000000000000,769500-5961000
769500.000000000000000,5961500.000000000000000,769500-5961500
769500.000000000000000,5962000.000000000000000,769500-5962000
769500.000000000000000,5962500.000000000000000,769500-5962500
769500.000000000000000,5965500.000000000000000,769500-5965500
769000.000000000000000,5949500.000000000000000,769000-5949500
769000.000000000000000,5950000.000000000000000,769000-5950000
770000.000000000000000,5950000.000000000000000,770000-5950000
769000.000000000000000,5951500.000000000000000,769000-5951500
769000.000000000000000,5951000.000000000000000,769000-5951000
769500.000000000000000,5951000.000000000000000,769500-5951000
770000.000000000000000,5950500.000000000000000,770000-5950500
770000.000000000000000,5951000.000000000000000,770000-5951000
769000.000000000000000,5949000.000000000000000,769000-5949000
769500.000000000000000,5949500.000000000000000,769500-5949500
770000.000000000000000,5965000.000000000000000,770000-5965000
773000.000000000000000,5947500.000000000000000,773000-5947500
773000.000000000000000,5962000.000000000000000,773000-5962000
769000.000000000000000,5965000.000000000000000,769000-5965000
766000.000000000000000,5972000.000000000000000,766000-5972000
773000.000000000000000,5962500.000000000000000,773000-5962500
773500.000000000000000,5962500.000000000000000,773500-5962500
773500.000000000000000,5962000.000000000000000,773500-5962000
774000.000000000000000,5962500.000000000000000,774000-5962500
773500.000000000000000,5961500.000000000000000,773500-5961500
773500.000000000000000,5963000.000000000000000,773500-5963000
773000.000000000000000,5963000.000000000000000,773000-5963000
772500.000000000000000,5962500.000000000000000,772500-5962500
772500.000000000000000,5962000.000000000000000,772500-5962000
772000.000000000000000,5962500.000000000000000,772000-5962500
773000.000000000000000,5949000.000000000000000,773000-5949000
773000.000000000000000,5948500.000000000000000,773000-5948500
773000.000000000000000,5948000.000000000000000,773000-5948000
772000.000000000000000,5949000.000000000000000,772000-5949000
773000.000000000000000,5949500.000000000000000,773000-5949500
771000.000000000000000,5962000.000000000000000,771000-5962000
768500.000000000000000,5947500.000000000000000,768500-5947500
763000.000000000000000,5972000.000000000000000,763000-5972000
770000.000000000000000,5964500.000000000000000,770000-5964500
768500.000000000000000,5964500.000000000000000,768500-5964500
768500.000000000000000,5965500.000000000000000,768500-5965500
722500.000000000000000,5961500.000000000000000,722500-5961500
712500.000000000000000,5961500.000000000000000,712500-5961500
771500.000000000000000,5960000.000000000000000,771500-5960000
770000.000000000000000,5961500.000000000000000,770000-5961500
773000.000000000000000,5961000.000000000000000,773000-5961000
764000.000000000000000,5955500.000000000000000,764000-5955500
